"individual_id","dataset_identifier","data_owner","contact_email","file_name","device_id","device_type","year","month","day","time","time_zone","deployment_site","deployment_decimal_latitude","deployment_decimal_longitude","sex","how_sexed","age_class","genotyped","age.","progesterone","If.yes..status","comments","meta_source","breeding_stock","region"
"102211","Constantine_Raoul_2015","Rochelle Constantine","r.constantine@auckland.ac.nz","Constantine_Raoul_2015_Raw_humpback_speed_for RAATD.xlsx.csv","102211","PTT",2015,10,10,"23:53","UTC","Raoul Island",-29.234,-177.922,"U",NA,NA,NA,NA,NA,NA,NA,"meta","E2/F","Pacific"
"102218","Constantine_Raoul_2015","Rochelle Constantine","r.constantine@auckland.ac.nz","Constantine_Raoul_2015_Raw_humpback_speed_for RAATD.xlsx.csv","102218","PTT",2015,10,10,"23:27","UTC","Raoul Island",-29.282,-177.997,"M",NA,NA,NA,NA,NA,NA,NA,"meta","E2/F","Pacific"
"111866","Constantine_Raoul_2015","Rochelle Constantine","r.constantine@auckland.ac.nz","Constantine_Raoul_2015_Raw_humpback_speed_for RAATD.xlsx.csv","111866","PTT",2015,11,6,"4:46:34","UTC","Raoul Island",-48.301,-163.339,"F",NA,NA,NA,NA,NA,NA,NA,"meta","E2/F","Pacific"
"111871","Constantine_Raoul_2015","Rochelle Constantine","r.constantine@auckland.ac.nz","Constantine_Raoul_2015_Raw_humpback_speed_for RAATD.xlsx.csv","111871","PTT",2015,10,8,"20:01","UTC","Raoul Island",-29.348,-178.081,"F",NA,NA,NA,NA,NA,NA,NA,"meta","E2/F","Pacific"
"112692","Friedlaender","Ari Friedlaender","ari.friedlaender@ucsc.edu","Ari_data-Argos.csv","112692","Argos",2012,1,3,NA,"UTC","Antarctic Peninsula",-64.8093,-63.8579,NA,NA,NA,NA,"adult",NA,NA,NA,"meta","G","EastPacific"
"112693","WA_Fisheries","Virginia Andrews-Goff, Mike Double, Jason How","Virginia.Andrews-Goff@aad.gov.au","WA_Fisheries","112693","PTT",2016,9,21,"1359","AWST","Carnarvon",-25.47926667,113.0287167,"M","genetic","Adult",NA,NA,NA,NA,NA,"meta","D","EastIndian"
"112694","Constantine_Raoul_2015","Rochelle Constantine","r.constantine@auckland.ac.nz","Constantine_Raoul_2015_Raw_humpback_speed_for RAATD.xlsx.csv","112694","PTT",2015,10,10,"22:42","UTC","Raoul Island",-29.375,-178.055,"U",NA,NA,NA,NA,NA,NA,NA,"meta","E2/F",NA
"112699","Friedlaender","Ari Friedlaender","ari.friedlaender@ucsc.edu","Ari_data-Argos.csv","112699","Argos",2012,1,26,NA,"UTC","Antarctic Peninsula",-68.8632,-76.25,NA,NA,NA,NA,"adult",NA,NA,NA,"meta","G","EastPacific"
"112701","Friedlaender","Ari Friedlaender","ari.friedlaender@ucsc.edu","Ari_data-Argos.csv","112701","Argos",2012,1,31,NA,"UTC","Antarctic Peninsula",-64.7975,-62.7723,NA,NA,NA,NA,"adult",NA,NA,NA,"meta","G","EastPacific"
"112703","Friedlaender","Ari Friedlaender","ari.friedlaender@ucsc.edu","Ari_data-Argos.csv","112703","Argos",2012,1,30,NA,"UTC","Antarctic Peninsula",-64.8764,-64.0675,NA,NA,NA,NA,"adult",NA,NA,NA,"meta","G","EastPacific"
"112704","Friedlaender","Ari Friedlaender","ari.friedlaender@ucsc.edu","Ari_data-Argos.csv","112704","Argos",2012,1,3,NA,"UTC","Antarctic Peninsula",-64.8027,-63.879,NA,NA,NA,NA,"adult",NA,NA,NA,"meta","G","EastPacific"
"112705","Friedlaender","Ari Friedlaender","ari.friedlaender@ucsc.edu","Ari_data-Argos.csv","112705","Argos",2012,1,19,NA,"UTC","Antarctic Peninsula",-67.7807,-68.857,NA,NA,NA,NA,"juvenile",NA,NA,NA,"meta","G","EastPacific"
"112718","Constantine_Raoul_2015","Rochelle Constantine","r.constantine@auckland.ac.nz","Constantine_Raoul_2015_Raw_humpback_speed_for RAATD.xlsx.csv","112718","PTT",2015,10,5,"20:28","UTC","Raoul Island",-29.219,-177.948,"M",NA,NA,NA,NA,NA,NA,NA,"meta","E2/F","Pacific"
"112720","WA_Fisheries","Virginia Andrews-Goff, Mike Double, Jason How","Virginia.Andrews-Goff@aad.gov.au","WA_Fisheries","112720","PTT",2014,9,3,"1242","AWST","Carnarvon",-24.93626667,113.5717167,"F","genetic","Adult",NA,NA,NA,NA,NA,"meta","D","EastIndian"
"112721","Constantine_Raoul_2015","Rochelle Constantine","r.constantine@auckland.ac.nz","Constantine_Raoul_2015_Raw_humpback_speed_for RAATD.xlsx.csv","112721","PTT",2015,11,10,"3:15:17","UTC","Raoul Island",-38.978,179.895,"F",NA,NA,NA,NA,NA,NA,NA,"meta","E2/F",NA
"112722","Constantine_Raoul_2015","Rochelle Constantine","r.constantine@auckland.ac.nz","Constantine_Raoul_2015_Raw_humpback_speed_for RAATD.xlsx.csv","112722","PTT",2015,10,10,"23:41","UTC","Raoul Island",-29.235,-177.982,"U",NA,NA,NA,NA,NA,NA,NA,"meta","E2/F","Pacific"
"112723","Constantine_Raoul_2015","Rochelle Constantine","r.constantine@auckland.ac.nz","Constantine_Raoul_2015_Raw_humpback_speed_for RAATD.xlsx.csv","112723","PTT",2015,10,6,"21:54","UTC","Raoul Island",-29.249,-177.981,"F",NA,NA,NA,NA,NA,NA,NA,"meta","E2/F","Pacific"
"112724","WA_Fisheries","Virginia Andrews-Goff, Mike Double, Jason How","Virginia.Andrews-Goff@aad.gov.au","WA_Fisheries","112724","PTT",2016,9,21,"1415","AWST","Carnarvon",-25.48208333,113.0248333,"M","genetic","Adult",NA,NA,NA,NA,NA,"meta","D","EastIndian"
"112735","WA_Fisheries","Virginia Andrews-Goff, Mike Double, Jason How","Virginia.Andrews-Goff@aad.gov.au","WA_Fisheries","112735","PTT",2014,9,1,"1511","AWST","Carnarvon",-24.94831667,113.6380333,"M","genetic","Adult",NA,NA,NA,NA,NA,"meta","D",NA
"112737","Friedlaender","Ari Friedlaender","ari.friedlaender@ucsc.edu","current-hbw-Argos.csv","112737","Argos",2013,2,6,NA,"UTC","Antarctic Peninsula",-64.652,-62.216,NA,NA,NA,NA,NA,NA,NA,NA,"meta","G",NA
"112738","Friedlaender","Ari Friedlaender","ari.friedlaender@ucsc.edu","current-hbw-Argos.csv","112738","Argos",2013,2,6,NA,"UTC","Antarctic Peninsula",-64.645,-62.269,NA,NA,NA,NA,NA,NA,NA,NA,"meta","G","EastPacific"
"112739","WA_Fisheries","Virginia Andrews-Goff, Mike Double, Jason How","Virginia.Andrews-Goff@aad.gov.au","WA_Fisheries","112739","PTT",2014,9,1,"1305","AWST","Carnarvon",-24.78763333,113.51225,"F","genetic","Adult",NA,NA,NA,NA,NA,"meta","D","EastIndian"
"112742","WA_Fisheries","Virginia Andrews-Goff, Mike Double, Jason How","Virginia.Andrews-Goff@aad.gov.au","WA_Fisheries","112742","PTT",2015,7,1,"1441","AWST","Augusta",-34.39066667,115.1662833,"M","genetic","Subadult",NA,NA,NA,NA,NA,"meta","D","EastIndian"
"112743","WA_Fisheries","Virginia Andrews-Goff, Mike Double, Jason How","Virginia.Andrews-Goff@aad.gov.au","WA_Fisheries","112743","PTT",2014,9,1,"1232","AWST","Carnarvon",-24.78763333,113.51225,"M","genetic","Adult",NA,NA,NA,NA,NA,"meta","D","EastIndian"
"112744","WA_Fisheries","Virginia Andrews-Goff, Mike Double, Jason How","Virginia.Andrews-Goff@aad.gov.au","WA_Fisheries","112744","PTT",2014,9,5,"835","AWST","Carnarvon",-24.81951667,113.55995,NA,NA,"Adult",NA,NA,NA,NA,NA,"meta","D","EastIndian"
"112746","Friedlaender","Ari Friedlaender","ari.friedlaender@ucsc.edu","current-hbw-Argos.csv","112746","Argos",2013,2,7,NA,"UTC","Antarctic Peninsula",-65.00089,-63.31305,NA,NA,NA,NA,NA,NA,NA,NA,"meta","G","EastPacific"
"113215","WA_Fisheries","Virginia Andrews-Goff, Mike Double, Jason How","Virginia.Andrews-Goff@aad.gov.au","WA_Fisheries","113215","PTT",2016,9,13,"1450","AWST","Carnarvon",-21.9024,114.1708667,"M","genetic","Adult",NA,NA,NA,NA,NA,"meta","D","EastIndian"
"113218","WA_Fisheries","Virginia Andrews-Goff, Mike Double, Jason How","Virginia.Andrews-Goff@aad.gov.au","WA_Fisheries","113218","PTT",2016,9,21,"1243","AWST","Carnarvon",-25.48341667,113.0173833,"M","genetic","Adult",NA,NA,NA,NA,NA,"meta","D","EastIndian"
"113220","WA_Fisheries","Virginia Andrews-Goff, Mike Double, Jason How","Virginia.Andrews-Goff@aad.gov.au","WA_Fisheries","113220","PTT",2016,9,15,"1059","AWST","Carnarvon",-25.06898333,113.4673667,"F","genetic","Adult",NA,NA,NA,NA,NA,"meta","D","EastIndian"
"113224","WA_Fisheries","Virginia Andrews-Goff, Mike Double, Jason How","Virginia.Andrews-Goff@aad.gov.au","WA_Fisheries","113224","PTT",2016,9,20,"1616","AWST","Carnarvon",-25.4767,113.0124667,NA,NA,"Adult",NA,NA,NA,NA,NA,"meta","D","EastIndian"
"120939","WA_Fisheries","Virginia Andrews-Goff, Mike Double, Jason How","Virginia.Andrews-Goff@aad.gov.au","WA_Fisheries","120939","PTT",2014,9,5,"1022","AWST","Carnarvon",-24.80863333,113.51405,NA,NA,"Adult",NA,NA,NA,NA,NA,"meta","D","EastIndian"
"120941","WA_Fisheries","Virginia Andrews-Goff, Mike Double, Jason How","Virginia.Andrews-Goff@aad.gov.au","WA_Fisheries","120941","PTT",2014,9,2,"1140","AWST","Carnarvon",-24.97636667,113.4932333,"F","genetic","Adult",NA,NA,NA,NA,NA,"meta","D","EastIndian"
"121190","WA_Fisheries","Virginia Andrews-Goff, Mike Double, Jason How","Virginia.Andrews-Goff@aad.gov.au","WA_Fisheries","121190","PTT",2014,9,3,"1103","AWST","Carnarvon",-24.93493333,113.5981833,"F","genetic","Adult",NA,NA,NA,NA,NA,"meta","D","EastIndian"
"121196","WA_Fisheries","Virginia Andrews-Goff, Mike Double, Jason How","Virginia.Andrews-Goff@aad.gov.au","WA_Fisheries","121196","PTT",2014,9,2,"1325","AWST","Carnarvon",-25.00225,113.4563167,"M","genetic","Adult",NA,NA,NA,NA,NA,"meta","D","EastIndian"
"121204","WA_Fisheries","Virginia Andrews-Goff, Mike Double, Jason How","Virginia.Andrews-Goff@aad.gov.au","WA_Fisheries","121204","PTT",2014,9,4,"1325","AWST","Carnarvon",-24.8445,113.2258317,NA,NA,"Adult",NA,NA,NA,NA,NA,"meta","D","EastIndian"
"121207","Friedlaender","Ari Friedlaender","ari.friedlaender@ucsc.edu","current-hbw-Argos.csv","121207","Argos",2013,2,12,NA,"UTC","Antarctic Peninsula",-64.6335,-62.2088,NA,NA,NA,NA,NA,NA,NA,NA,"meta","G","EastPacific"
"121208","Friedlaender","Ari Friedlaender","ari.friedlaender@ucsc.edu","current-hbw-Argos.csv","121208","Argos",2013,2,5,NA,"UTC","Antarctic Peninsula",-64.789,-62.771,NA,NA,NA,NA,NA,NA,NA,NA,"meta","G","EastPacific"
"121210","Friedlaender","Ari Friedlaender","ari.friedlaender@ucsc.edu","current-hbw-Argos.csv","121210","Argos",2013,2,5,NA,"UTC","Antarctic Peninsula",-64.806,-62.745,NA,NA,NA,NA,NA,NA,NA,NA,"meta","G","EastPacific"
"121211","Friedlaender","Ari Friedlaender","ari.friedlaender@ucsc.edu","current-hbw-Argos.csv","121211","Argos",2013,2,6,NA,"UTC","Antarctic Peninsula",-64.699,-62.26,NA,NA,NA,NA,NA,NA,NA,NA,"meta","G","EastPacific"
"121212","Friedlaender","Ari Friedlaender","ari.friedlaender@ucsc.edu","current-hbw-Argos.csv","121212","Argos",2013,2,6,NA,"UTC","Antarctic Peninsula",-64.651,-62.236,NA,NA,NA,NA,NA,NA,NA,NA,"meta","G","EastPacific"
"123224","Friedlaender","Ari Friedlaender","ari.friedlaender@ucsc.edu","current-hbw-Argos.csv","123224","Argos",2013,2,5,NA,"UTC","Antarctic Peninsula",-64.834,-62.699,NA,NA,NA,NA,NA,NA,NA,NA,"meta","G","EastPacific"
"123231","Friedlaender","Ari Friedlaender","ari.friedlaender@ucsc.edu","current-hbw-Argos.csv","123231","Argos",2013,2,5,NA,"UTC","Antarctic Peninsula",-64.773,-62.742,NA,NA,NA,NA,NA,NA,NA,NA,"meta","G",NA
"123232","Friedlaender","Ari Friedlaender","ari.friedlaender@ucsc.edu","current-hbw-Argos.csv","123232","Argos",2013,2,6,NA,"UTC","Antarctic Peninsula",-64.64,-62.183,NA,NA,NA,NA,NA,NA,NA,NA,"meta","G","EastPacific"
"123236","Friedlaender","Ari Friedlaender","ari.friedlaender@ucsc.edu","current-hbw-Argos.csv","123236","Argos",2013,2,5,NA,"UTC","Antarctic Peninsula",-64.83,-62.603,NA,NA,NA,NA,NA,NA,NA,NA,"meta","G","EastPacific"
"131111","Friedlaender","Ari Friedlaender","ari.friedlaender@ucsc.edu",NA,"131111","Argos",2016,3,22,NA,"UTC","Antarctic Peninsula",-64.093,-60.992,NA,NA,NA,NA,NA,NA,NA,NA,"meta","G","EastPacific"
"131115","Friedlaender","Ari Friedlaender","ari.friedlaender@ucsc.edu",NA,"131115","Argos",2016,2,26,NA,"UTC","Antarctic Peninsula",-64.113,-61.065,NA,NA,NA,NA,NA,NA,NA,NA,"meta","G",NA
"131116","Friedlaender","Ari Friedlaender","ari.friedlaender@ucsc.edu",NA,"131116","Argos",2016,2,27,NA,"UTC","Antarctic Peninsula",-64.119,-61.014,NA,NA,NA,NA,NA,NA,NA,NA,"meta","G","EastPacific"
"131127","Friedlaender","Ari Friedlaender","ari.friedlaender@ucsc.edu",NA,"131127","Argos",2016,4,26,NA,"UTC","Antarctic Peninsula",-64.546,-62.299,NA,NA,NA,NA,NA,NA,NA,NA,"meta","G","EastPacific"
"131128","Friedlaender","Ari Friedlaender","ari.friedlaender@ucsc.edu",NA,"131128","Argos",2016,4,26,NA,"UTC","Antarctic Peninsula",-64.551,-62.269,NA,NA,NA,NA,NA,NA,NA,NA,"meta","G",NA
"131129","Oceans&Coasts_Seakamela",NA,NA,NA,"131129","PTT",NA,NA,NA,NA,NA,NA,NA,NA,NA,NA,NA,NA,NA,NA,NA,NA,"track","Unknown",NA
"131130","Friedlaender","Ari Friedlaender","ari.friedlaender@ucsc.edu",NA,"131130","Argos",2016,4,26,NA,"UTC","Antarctic Peninsula",-65.037,-63.344,NA,NA,NA,NA,NA,NA,NA,NA,"meta","G","EastPacific"
"131131","Oceans&Coasts_Seakamela",NA,NA,NA,"131131","PTT",NA,NA,NA,NA,NA,NA,NA,NA,NA,NA,NA,NA,NA,NA,NA,NA,"track","C1","Atlantic"
"131132","Friedlaender","Ari Friedlaender","ari.friedlaender@ucsc.edu",NA,"131132","Argos",2016,4,26,NA,"UTC","Antarctic Peninsula",-65.064,-63.389,NA,NA,NA,NA,NA,NA,NA,NA,"meta","G","EastPacific"
"131133","Friedlaender","Ari Friedlaender","ari.friedlaender@ucsc.edu",NA,"131133","Argos",2016,4,26,NA,"UTC","Antarctic Peninsula",-64.551,-62.278,NA,NA,NA,NA,NA,NA,NA,NA,"meta","G","EastPacific"
"131134","Friedlaender","Ari Friedlaender","ari.friedlaender@ucsc.edu",NA,"131134","Argos",2016,4,26,NA,"UTC","Antarctic Peninsula",-65.038,-63.316,NA,NA,NA,NA,NA,NA,NA,NA,"meta","G","EastPacific"
"131135","Oceans&Coasts_Seakamela","Mdu Seakamela","smseakamela@environment.gov.za",NA,"131135","PTT",2016,7,27,NA,"UTC","Off East London",-33.01008333,28.00556667,NA,NA,"Adult",NA,NA,NA,NA,NA,"meta","C1","Atlantic"
"131136","Friedlaender","Ari Friedlaender","ari.friedlaender@ucsc.edu",NA,"131136","Argos",2016,4,26,NA,"UTC","Antarctic Peninsula",-64.561,-62.243,NA,NA,NA,NA,NA,NA,NA,NA,"meta","G","EastPacific"
"131138","Oceans&Coasts_Seakamela",NA,NA,NA,"131138","PTT",NA,NA,NA,NA,NA,NA,NA,NA,NA,NA,NA,NA,NA,NA,NA,NA,"track","C1","Atlantic"
"131140","WA_Fisheries","Virginia Andrews-Goff, Mike Double, Jason How","Virginia.Andrews-Goff@aad.gov.au","WA_Fisheries","131140","PTT",2016,9,15,"1125","AWST","Carnarvon",-25.06708333,113.4689,"F","genetic","Adult",NA,NA,NA,NA,NA,"meta","D","EastIndian"
"131141","Friedlaender","Ari Friedlaender","ari.friedlaender@ucsc.edu","AP_2015-Locations.csv","131141","Argos",2015,1,7,NA,"UTC","Antarctic Peninsula",-64.819,-63.72601,NA,NA,NA,NA,NA,NA,NA,NA,"meta","G","EastPacific"
"131142","Friedlaender","Ari Friedlaender","ari.friedlaender@ucsc.edu",NA,"131142","Argos",2016,1,13,NA,"UTC","Antarctic Peninsula",-64.908,-63.663,NA,NA,NA,NA,NA,NA,NA,NA,"meta","G",NA
"131143","Friedlaender","Ari Friedlaender","ari.friedlaender@ucsc.edu","AP_2015-Locations.csv","131143","Argos",2015,1,8,NA,"UTC","Antarctic Peninsula",-64.906,-64.32599,NA,NA,NA,NA,NA,NA,NA,NA,"meta","G","EastPacific"
"131144","Friedlaender","Ari Friedlaender","ari.friedlaender@ucsc.edu","AP_2015-Locations.csv","131144","Argos",2015,1,9,NA,"UTC","Antarctic Peninsula",-64.833,-64.14001,NA,NA,NA,NA,NA,NA,NA,NA,"meta","G","EastPacific"
"131146","Friedlaender","Ari Friedlaender","ari.friedlaender@ucsc.edu","AP_2015-Locations.csv","131146","Argos",2015,1,30,NA,"UTC","Antarctic Peninsula",-66.039,-65.582,NA,NA,NA,NA,NA,NA,NA,NA,"meta","G","EastPacific"
"131147","Friedlaender","Ari Friedlaender","ari.friedlaender@ucsc.edu","AP_2015-Locations.csv","131147","Argos",2015,1,28,NA,"UTC","Antarctic Peninsula",-65.708,-64.887,NA,NA,NA,NA,NA,NA,NA,NA,"meta","G","EastPacific"
"131148","WA_Fisheries","Virginia Andrews-Goff, Mike Double, Jason How","Virginia.Andrews-Goff@aad.gov.au","WA_Fisheries","131148","PTT",2015,6,30,"1253","AWST","Augusta",-34.35095,114.9763167,"M","genetic","Adult",NA,NA,NA,NA,NA,"meta","D","EastIndian"
"131150","WA_Fisheries","Virginia Andrews-Goff, Mike Double, Jason How","Virginia.Andrews-Goff@aad.gov.au","WA_Fisheries","131150","PTT",2015,6,26,"1445","AWST","Augusta",-34.40561667,115.0602667,"M","genetic","Adult",NA,NA,NA,NA,NA,"meta","D","EastIndian"
"131151","Friedlaender","Ari Friedlaender","ari.friedlaender@ucsc.edu","AP_2015-Locations.csv","131151","Argos",2015,1,8,NA,"UTC","Antarctic Peninsula",-64.935,-64.44699,NA,NA,NA,NA,NA,NA,NA,NA,"meta","G","EastPacific"
"131152","WA_Fisheries","Virginia Andrews-Goff, Mike Double, Jason How","Virginia.Andrews-Goff@aad.gov.au","WA_Fisheries","131152","PTT",2015,6,29,"1102","AWST","Augusta",-34.38115,115.1768833,"M","genetic","Adult",NA,NA,NA,NA,NA,"meta","D","EastIndian"
"131153","Friedlaender","Ari Friedlaender","ari.friedlaender@ucsc.edu","AP_2015-Locations.csv","131153","Argos",2015,1,8,NA,"UTC","Antarctic Peninsula",-64.977,-64.608,NA,NA,NA,NA,NA,NA,NA,NA,"meta","G","EastPacific"
"131156","Friedlaender","Ari Friedlaender","ari.friedlaender@ucsc.edu",NA,"131156","Argos",2016,1,14,NA,"UTC","Antarctic Peninsula",-64.857,-64.179,NA,NA,NA,NA,NA,NA,NA,NA,"meta","G","EastPacific"
"131158","Friedlaender","Ari Friedlaender","ari.friedlaender@ucsc.edu",NA,"131158","Argos",2016,1,13,NA,"UTC","Antarctic Peninsula",-64.932,-64.258,NA,NA,NA,NA,NA,NA,NA,NA,"meta","G","EastPacific"
"131159","Friedlaender","Ari Friedlaender","ari.friedlaender@ucsc.edu",NA,"131159","Argos",2016,1,13,NA,"UTC","Antarctic Peninsula",-64.797,-64.088,NA,NA,NA,NA,NA,NA,NA,NA,"meta","G","EastPacific"
"131161","WA_Fisheries","Virginia Andrews-Goff, Mike Double, Jason How","Virginia.Andrews-Goff@aad.gov.au","WA_Fisheries","131161","PTT",2015,6,27,"1122","AWST","Augusta",-34.39955,115.0058,"F","genetic","Adult",NA,NA,NA,NA,NA,"meta","D","EastIndian"
"131162","Friedlaender","Ari Friedlaender","ari.friedlaender@ucsc.edu",NA,"131162","Argos",2016,1,13,NA,"UTC","Antarctic Peninsula",-64.941,-64.242,NA,NA,NA,NA,NA,NA,NA,NA,"meta","G","EastPacific"
"131163","WA_Fisheries","Virginia Andrews-Goff, Mike Double, Jason How","Virginia.Andrews-Goff@aad.gov.au","WA_Fisheries","131163","PTT",2015,6,29,"836","AWST","Augusta",-34.35438333,115.1836333,"F","genetic","Subadult",NA,NA,NA,NA,NA,"meta","D","EastIndian"
"131164","WA_Fisheries","Virginia Andrews-Goff, Mike Double, Jason How","Virginia.Andrews-Goff@aad.gov.au","WA_Fisheries","131164","PTT",2015,6,28,"1440","AWST","Augusta",-34.39875,115.1851833,"M","genetic","Adult",NA,NA,NA,NA,NA,"meta","D","EastIndian"
"131165","WA_Fisheries","Virginia Andrews-Goff, Mike Double, Jason How","Virginia.Andrews-Goff@aad.gov.au","WA_Fisheries","131165","PTT",2015,6,30,"1024","AWST","Augusta",-34.40936667,115.1151833,"M","genetic","Adult",NA,NA,NA,NA,NA,"meta","D","EastIndian"
"131166","WA_Fisheries","Virginia Andrews-Goff, Mike Double, Jason How","Virginia.Andrews-Goff@aad.gov.au","WA_Fisheries","131166","PTT",2015,6,28,"1403","AWST","Augusta",-34.38801667,115.2150167,NA,NA,"Adult",NA,NA,NA,NA,NA,"meta","D","EastIndian"
"131167","WA_Fisheries","Virginia Andrews-Goff, Mike Double, Jason How","Virginia.Andrews-Goff@aad.gov.au","WA_Fisheries","131167","PTT",2015,6,30,"1522","AWST","Augusta",-34.35393333,114.9901667,NA,NA,"Adult",NA,NA,NA,NA,NA,"meta","D","EastIndian"
"131168","WA_Fisheries","Virginia Andrews-Goff, Mike Double, Jason How","Virginia.Andrews-Goff@aad.gov.au","WA_Fisheries","131168","PTT",2015,6,28,"1307","AWST","Augusta",-34.38021667,115.1744833,"F","genetic","Adult",NA,NA,NA,NA,NA,"meta","D","EastIndian"
"131169","WA_Fisheries","Virginia Andrews-Goff, Mike Double, Jason How","Virginia.Andrews-Goff@aad.gov.au","WA_Fisheries","131169","PTT",2015,6,30,"832","AWST","Augusta",-34.36818333,115.1796167,"F","genetic","Adult",NA,NA,NA,NA,NA,"meta","D","EastIndian"
"131170","WA_Fisheries","Virginia Andrews-Goff, Mike Double, Jason How","Virginia.Andrews-Goff@aad.gov.au","WA_Fisheries","131170","PTT",2015,6,30,"1151","AWST","Augusta",-34.39218333,115.0215167,NA,NA,"Adult",NA,NA,NA,NA,NA,"meta","D","EastIndian"
"131172","Constantine_Raoul_2015","Rochelle Constantine","r.constantine@auckland.ac.nz","Constantine_Raoul_2015_Raw_humpback_speed_for RAATD.xlsx.csv","131172","PTT",2015,10,19,"2:24:26","UTC","Raoul Island",-29.218,-178.137,"F",NA,NA,NA,NA,NA,NA,NA,"meta","E2/F","Pacific"
"131173","Constantine_Raoul_2015","Rochelle Constantine","r.constantine@auckland.ac.nz","Constantine_Raoul_2015_Raw_humpback_speed_for RAATD.xlsx.csv","131173","PTT",2015,9,30,"19:40","UTC","Raoul Island",-29.359,-178.019,"M",NA,NA,NA,NA,NA,NA,NA,"meta","E2/F","Pacific"
"131175","Constantine_Raoul_2015","Rochelle Constantine","r.constantine@auckland.ac.nz","Constantine_Raoul_2015_Raw_humpback_speed_for RAATD.xlsx.csv","131175","PTT",2015,10,4,"0:36","UTC","Raoul Island",-29.352,-177.838,"M",NA,NA,NA,NA,NA,NA,NA,"meta","E2/F","Pacific"
"131178","Constantine_Raoul_2015","Rochelle Constantine","r.constantine@auckland.ac.nz","Constantine_Raoul_2015_Raw_humpback_speed_for RAATD.xlsx.csv","131178","PTT",2015,10,8,"22:09","UTC","Raoul Island",-29.226,-177.707,"F",NA,NA,NA,NA,NA,NA,NA,"meta","E2/F","Pacific"
"131179","Constantine_Raoul_2015","Rochelle Constantine","r.constantine@auckland.ac.nz","Constantine_Raoul_2015_Raw_humpback_speed_for RAATD.xlsx.csv","131179","PTT",2015,12,7,"1:46:24","UTC","Raoul Island",-66.609,-104.253,"M",NA,NA,NA,NA,NA,NA,NA,"meta","E2/F","Pacific"
"131181","WA_Fisheries","Virginia Andrews-Goff, Mike Double, Jason How","Virginia.Andrews-Goff@aad.gov.au","WA_Fisheries","131181","PTT",2016,9,12,"1503","AWST","Carnarvon",-21.80091667,114.2140833,NA,NA,"Adult",NA,NA,NA,NA,NA,"meta","D","EastIndian"
"131182","Constantine_Raoul_2015","Rochelle Constantine","r.constantine@auckland.ac.nz","Constantine_Raoul_2015_Raw_humpback_speed_for RAATD.xlsx.csv","131182","PTT",2015,10,1,"22:14","UTC","Raoul Island",-29.286,-178.062,"F",NA,NA,NA,NA,NA,NA,NA,"meta","E2/F","Pacific"
"131185","Constantine_Raoul_2015","Rochelle Constantine","r.constantine@auckland.ac.nz","Constantine_Raoul_2015_Raw_humpback_speed_for RAATD.xlsx.csv","131185","PTT",2015,11,27,"5:07:54","UTC","Raoul Island",-65.759,-107.767,"F",NA,NA,NA,NA,NA,NA,NA,"meta","E2/F","Pacific"
"131187","Constantine_Raoul_2015","Rochelle Constantine","r.constantine@auckland.ac.nz","Constantine_Raoul_2015_Raw_humpback_speed_for RAATD.xlsx.csv","131187","PTT",2015,9,30,"21:21","UTC","Raoul Island",-29.231,-177.982,"F",NA,NA,NA,NA,NA,NA,NA,"meta","E2/F","Pacific"
"131188","Constantine_Raoul_2015","Rochelle Constantine","r.constantine@auckland.ac.nz","Constantine_Raoul_2015_Raw_humpback_speed_for RAATD.xlsx.csv","131188","PTT",2015,9,29,"22:56","UTC","Raoul Island",-29.273,-177.98,"F",NA,NA,NA,NA,NA,NA,NA,"meta","E2/F","Pacific"
"131190","Constantine_Raoul_2015","Rochelle Constantine","r.constantine@auckland.ac.nz","Constantine_Raoul_2015_Raw_humpback_speed_for RAATD.xlsx.csv","131190","PTT",2015,10,8,"22:36","UTC","Raoul Island",-29.224,-177.99,"F",NA,NA,NA,NA,NA,NA,NA,"meta","E2/F","Pacific"
"132194","Oceans&Coasts_Seakamela",NA,NA,NA,"132194","PTT",NA,NA,NA,NA,NA,NA,NA,NA,NA,NA,NA,NA,NA,NA,NA,NA,"track","C1","Atlantic"
"142928","Oceans&Coasts_Seakamela","Mdu Seakamela","smseakamela@environment.gov.za",NA,"142928","PTT",2014,11,1,NA,"UTC","NW of Dassen Island",-33.35201667,18.00706667,NA,NA,"Sub-adult",NA,NA,NA,NA,NA,"meta","B2","Atlantic"
"142929","Oceans&Coasts_Seakamela","Mdu Seakamela","smseakamela@environment.gov.za",NA,"142929","PTT",2014,11,1,NA,"UTC","NW of Dassen Island",-33.39333333,18.00443333,NA,NA,"Sub-adult",NA,NA,NA,NA,NA,"meta","B2","Atlantic"
"142930","Oceans&Coasts_Seakamela",NA,NA,NA,"142930","PTT",NA,NA,NA,NA,NA,NA,NA,NA,NA,NA,NA,NA,NA,NA,NA,NA,"track","Unknown",NA
"142931","Oceans&Coasts_Seakamela","Mdu Seakamela","smseakamela@environment.gov.za",NA,"142931","PTT",2014,10,29,NA,"UTC","West of Dassen Island",-33.45701667,17.99298333,NA,NA,"Sub-adult",NA,NA,NA,NA,NA,"meta","B2","Atlantic"
"142932","Oceans&Coasts_Seakamela","Mdu Seakamela","smseakamela@environment.gov.za",NA,"142932","PTT",2014,10,29,NA,"UTC","West of Dassen Island",-33.45701667,17.99298333,NA,NA,"Sub-adult",NA,NA,NA,NA,NA,"meta","B2","Atlantic"
"142933","Oceans&Coasts_Seakamela","Mdu Seakamela","smseakamela@environment.gov.za",NA,"142933","PTT",2014,11,1,NA,"UTC","NW of Dassen Island",-33.38345,18.00843333,NA,NA,"Sub-adult",NA,NA,NA,NA,NA,"meta","B2","Atlantic"
"142934","Oceans&Coasts_Seakamela",NA,NA,NA,"142934","PTT",NA,NA,NA,NA,NA,NA,NA,NA,NA,NA,NA,NA,NA,NA,NA,NA,"track","B2","Atlantic"
"142935","Oceans&Coasts_Seakamela","Mdu Seakamela","smseakamela@environment.gov.za",NA,"142935","PTT",2014,11,1,NA,"UTC","NW of Dassen Island",-33.37396667,18.03868333,NA,NA,"Sub-adult",NA,NA,NA,NA,NA,"meta","B2","Atlantic"
"142936","Oceans&Coasts_Seakamela","Mdu Seakamela","smseakamela@environment.gov.za",NA,"142936","PTT",2014,11,1,NA,"UTC","NW of Dassen Island",-33.37395,18.03868333,NA,NA,"Sub-adult",NA,NA,NA,NA,NA,"meta","B2","Atlantic"
"142937","Oceans&Coasts_Seakamela","Mdu Seakamela","smseakamela@environment.gov.za",NA,"142937","PTT",2014,10,30,NA,"UTC","West of Saldanha Bay",-33.11711667,17.91016667,NA,NA,"Sub-adult",NA,NA,NA,NA,NA,"meta","B2",NA
"149176","Oceans&Coasts_Seakamela","Mdu Seakamela","smseakamela@environment.gov.za",NA,"149176","PTT",2015,7,27,NA,"UTC","East of Bird Island Nelson Mandela Bay",-33.83546667,26.53086667,NA,NA,"Adult",NA,NA,NA,NA,NA,"meta","C1","Atlantic"
"149177","Oceans&Coasts_Seakamela","Mdu Seakamela","smseakamela@environment.gov.za",NA,"149177","PTT",2015,7,27,NA,"UTC","East of Bird Island Nelson Mandela Bay",-33.8369,26.51146667,NA,NA,"Adult",NA,NA,NA,NA,NA,"meta","C1",NA
"149178","Oceans&Coasts_Seakamela","Mdu Seakamela","smseakamela@environment.gov.za",NA,"149178","PTT",2015,7,27,NA,"UTC","East of Bird Island Nelson Mandela Bay",-33.83598333,26.57101667,NA,NA,"Adult",NA,NA,NA,NA,NA,"meta","C1","Atlantic"
"149179","Oceans&Coasts_Seakamela","Mdu Seakamela","smseakamela@environment.gov.za",NA,"149179","PTT",2015,7,27,NA,"UTC","East of Bird Island Nelson Mandela Bay",-33.8302,26.5749,NA,NA,"Adult",NA,NA,NA,NA,NA,"meta","C1",NA
"149180","Oceans&Coasts_Seakamela","Mdu Seakamela","smseakamela@environment.gov.za",NA,"149180","PTT",2015,7,27,NA,"UTC","East of Bird Island Nelson Mandela Bay",-33.82945,26.59528333,NA,NA,"Adult",NA,NA,NA,NA,NA,"meta","C1","Atlantic"
"154187","Friedlaender","Ari Friedlaender","ari.friedlaender@ucsc.edu",NA,"154187","Argos",2016,3,22,NA,"UTC","Antarctic Peninsula",-64.112,-60.984,NA,NA,NA,NA,NA,NA,NA,NA,"meta","G","EastPacific"
"154848","WA_Fisheries","Virginia Andrews-Goff, Mike Double, Jason How","Virginia.Andrews-Goff@aad.gov.au","WA_Fisheries","154848","PTT",2016,9,15,"915","AWST","Carnarvon",-24.99366667,113.5160167,"M","genetic","Adult",NA,NA,NA,NA,NA,"meta","D","EastIndian"
"154849","WA_Fisheries","Virginia Andrews-Goff, Mike Double, Jason How","Virginia.Andrews-Goff@aad.gov.au","WA_Fisheries","154849","PTT",2016,9,6,"1106","AWST","Carnarvon",-24.90998333,113.5450667,NA,NA,"Adult",NA,NA,NA,NA,NA,"meta","D","EastIndian"
"154850","WA_Fisheries","Virginia Andrews-Goff, Mike Double, Jason How","Virginia.Andrews-Goff@aad.gov.au","WA_Fisheries","154850","PTT",2016,6,24,"1008","AWST","Augusta",-34.37913333,115.1830833,"F","genetic","Adult",NA,NA,NA,NA,NA,"meta","D","EastIndian"
"154851","WA_Fisheries","Virginia Andrews-Goff, Mike Double, Jason How","Virginia.Andrews-Goff@aad.gov.au","WA_Fisheries","154851","PTT",2016,6,24,"933","AWST","Augusta",-34.37745,115.1691,"F","genetic","Adult",NA,NA,NA,NA,NA,"meta","D","EastIndian"
"154852","WA_Fisheries","Virginia Andrews-Goff, Mike Double, Jason How","Virginia.Andrews-Goff@aad.gov.au","WA_Fisheries","154852","PTT",2016,9,6,"1140","AWST","Carnarvon",-24.94051667,113.5239333,NA,NA,"Subadult",NA,NA,NA,NA,NA,"meta","D","EastIndian"
"154853","WA_Fisheries","Virginia Andrews-Goff, Mike Double, Jason How","Virginia.Andrews-Goff@aad.gov.au","WA_Fisheries","154853","PTT",2016,6,30,"1319","AWST","Augusta",-34.3888,115.1957667,"M","genetic","Adult",NA,NA,NA,NA,NA,"meta","D","EastIndian"
"154855","WA_Fisheries","Virginia Andrews-Goff, Mike Double, Jason How","Virginia.Andrews-Goff@aad.gov.au","WA_Fisheries","154855","PTT",2016,6,30,"1610","AWST","Augusta",-34.39756667,115.2011833,"M","genetic","Adult",NA,NA,NA,NA,NA,"meta","D","EastIndian"
"154856","WA_Fisheries","Virginia Andrews-Goff, Mike Double, Jason How","Virginia.Andrews-Goff@aad.gov.au","WA_Fisheries","154856","PTT",2016,6,23,"1122","AWST","Augusta",-34.382,115.1851167,"F","genetic","Adult",NA,NA,NA,NA,NA,"meta","D","EastIndian"
"154857","WA_Fisheries","Virginia Andrews-Goff, Mike Double, Jason How","Virginia.Andrews-Goff@aad.gov.au","WA_Fisheries","154857","PTT",2016,6,23,"1323","AWST","Augusta",-34.39541667,115.1722167,"F","genetic","Adult",NA,NA,NA,NA,NA,"meta","D","EastIndian"
"154858","WA_Fisheries","Virginia Andrews-Goff, Mike Double, Jason How","Virginia.Andrews-Goff@aad.gov.au","WA_Fisheries","154858","PTT",2016,6,23,"1440","AWST","Augusta",-34.37693333,115.17655,"M","genetic","Adult",NA,NA,NA,NA,NA,"meta","D","EastIndian"
"154859","WA_Fisheries","Virginia Andrews-Goff, Mike Double, Jason How","Virginia.Andrews-Goff@aad.gov.au","WA_Fisheries","154859","PTT",2016,6,30,"1032","AWST","Augusta",-34.3561,115.1829,"F","genetic","Adult",NA,NA,NA,NA,NA,"meta","D","EastIndian"
"154860","WA_Fisheries","Virginia Andrews-Goff, Mike Double, Jason How","Virginia.Andrews-Goff@aad.gov.au","WA_Fisheries","154860","PTT",2016,6,30,"1217","AWST","Augusta",-34.3806,115.1781167,"F","genetic","Adult",NA,NA,NA,NA,NA,"meta","D","EastIndian"
"154861","WA_Fisheries","Virginia Andrews-Goff, Mike Double, Jason How","Virginia.Andrews-Goff@aad.gov.au","WA_Fisheries","154861","PTT",2016,6,23,"1401","AWST","Augusta",-34.38783333,115.1682,"M","genetic","Adult",NA,NA,NA,NA,NA,"meta","D","EastIndian"
"154862","WA_Fisheries","Virginia Andrews-Goff, Mike Double, Jason How","Virginia.Andrews-Goff@aad.gov.au","WA_Fisheries","154862","PTT",2016,9,6,"1012","AWST","Carnarvon",-24.93663333,113.5583333,NA,NA,"Subadult",NA,NA,NA,NA,NA,"meta","D","EastIndian"
"154867","WA_Fisheries","Virginia Andrews-Goff, Mike Double, Jason How","Virginia.Andrews-Goff@aad.gov.au","WA_Fisheries","154867","PTT",2016,9,6,"1322","AWST","Carnarvon",-24.91533333,113.4958333,NA,NA,"Adult",NA,NA,NA,NA,NA,"meta","D","EastIndian"
"154868","WA_Fisheries","Virginia Andrews-Goff, Mike Double, Jason How","Virginia.Andrews-Goff@aad.gov.au","WA_Fisheries","154868","PTT",2016,7,2,"1128","AWST","Augusta",-34.38246667,115.1804,"M","genetic","Adult",NA,NA,NA,NA,NA,"meta","D","EastIndian"
"154869","WA_Fisheries","Virginia Andrews-Goff, Mike Double, Jason How","Virginia.Andrews-Goff@aad.gov.au","WA_Fisheries","154869","PTT",2016,7,2,"1225","AWST","Augusta",-34.39723333,115.1798167,"M","genetic","Adult",NA,NA,NA,NA,NA,"meta","D","EastIndian"
"154870","WA_Fisheries","Virginia Andrews-Goff, Mike Double, Jason How","Virginia.Andrews-Goff@aad.gov.au","WA_Fisheries","154870","PTT",2016,7,2,"1205","AWST","Augusta",-34.40238333,115.1772833,"F","genetic","Adult",NA,NA,NA,NA,NA,"meta","D","EastIndian"
"154871","WA_Fisheries","Virginia Andrews-Goff, Mike Double, Jason How","Virginia.Andrews-Goff@aad.gov.au","WA_Fisheries","154871","PTT",2016,7,2,"1357","AWST","Augusta",-34.37598333,115.1732333,"M","genetic","Adult",NA,NA,NA,NA,NA,"meta","D","EastIndian"
"154872","WA_Fisheries","Virginia Andrews-Goff, Mike Double, Jason How","Virginia.Andrews-Goff@aad.gov.au","WA_Fisheries","154872","PTT",2016,7,2,"1458","AWST","Augusta",-34.378,115.1703167,"F","genetic","Adult",NA,NA,NA,NA,NA,"meta","D","EastIndian"
"154873","WA_Fisheries","Virginia Andrews-Goff, Mike Double, Jason How","Virginia.Andrews-Goff@aad.gov.au","WA_Fisheries","154873","PTT",2016,7,2,"1321","AWST","Augusta",-34.37778333,115.1858,"M","genetic","Adult",NA,NA,NA,NA,NA,"meta","D","EastIndian"
"154874","WA_Fisheries","Virginia Andrews-Goff, Mike Double, Jason How","Virginia.Andrews-Goff@aad.gov.au","WA_Fisheries","154874","PTT",2016,7,2,"1101","AWST","Augusta",-34.3743,115.1779,"F","genetic","Adult",NA,NA,NA,NA,NA,"meta","D","EastIndian"
"154875","WA_Fisheries","Virginia Andrews-Goff, Mike Double, Jason How","Virginia.Andrews-Goff@aad.gov.au","WA_Fisheries","154875","PTT",2016,9,15,"1015","AWST","Carnarvon",-25.05455,113.4928,"F","genetic","Adult",NA,NA,NA,NA,NA,"meta","D","EastIndian"
"154876","WA_Fisheries","Virginia Andrews-Goff, Mike Double, Jason How","Virginia.Andrews-Goff@aad.gov.au","WA_Fisheries","154876","PTT",2016,9,12,"1223","AWST","Carnarvon",-21.75418333,114.15,NA,NA,"Adult",NA,NA,NA,NA,NA,"meta","D","EastIndian"
"154877","WA_Fisheries","Virginia Andrews-Goff, Mike Double, Jason How","Virginia.Andrews-Goff@aad.gov.au","WA_Fisheries","154877","PTT",2016,9,12,"1320","AWST","Carnarvon",-21.75491667,114.1930667,"M","genetic","Adult",NA,NA,NA,NA,NA,"meta","D",NA
"158093","Oceans&Coasts_Seakamela","Mdu Seakamela","smseakamela@environment.gov.za",NA,"158093","PTT",2016,10,30,NA,"UTC","West of Paternoster Bay",-32.76423333,17.86888333,NA,NA,"Sub-adult",NA,NA,NA,NA,NA,"meta","B2","Atlantic"
"158094","Oceans&Coasts_Seakamela","Mdu Seakamela","smseakamela@environment.gov.za",NA,"158094","PTT",2016,10,30,NA,"UTC","West of Paternoster Bay",-32.77916667,17.8628,NA,NA,"Sub-adult",NA,NA,NA,NA,NA,"meta","B2","Atlantic"
"158096","Oceans&Coasts_Seakamela","Mdu Seakamela","smseakamela@environment.gov.za",NA,"158096","PTT",2016,10,30,NA,"UTC","West of Paternoster Bay",-32.76683333,17.8667,NA,NA,"Sub-adult",NA,NA,NA,NA,NA,"meta","B2",NA
"158097","Oceans&Coasts_Seakamela","Mdu Seakamela","smseakamela@environment.gov.za",NA,"158097","PTT",2016,10,30,NA,"UTC","West of Paternoster Bay",-32.78088333,17.85795,NA,NA,"Sub-adult",NA,NA,NA,NA,NA,"meta","B2","Atlantic"
"158098","Oceans&Coasts_Seakamela","Mdu Seakamela","smseakamela@environment.gov.za",NA,"158098","PTT",2016,10,31,NA,"UTC","North of Brittannia Bay",-32.66036667,17.89203333,NA,NA,"Sub-adult",NA,NA,NA,NA,NA,"meta","B2","Atlantic"
"166122","Friedlaender",NA,NA,NA,"166122","PTT",NA,NA,NA,NA,NA,NA,NA,NA,NA,NA,NA,NA,NA,NA,NA,NA,"track","G",NA
"166123","Friedlaender",NA,NA,NA,"166123","PTT",NA,NA,NA,NA,NA,NA,NA,NA,NA,NA,NA,NA,NA,NA,NA,NA,"track","G","EastPacific"
"166124","Friedlaender",NA,NA,NA,"166124","PTT",NA,NA,NA,NA,NA,NA,NA,NA,NA,NA,NA,NA,NA,NA,NA,NA,"track","G",NA
"166125","Friedlaender",NA,NA,NA,"166125","PTT",NA,NA,NA,NA,NA,NA,NA,NA,NA,NA,NA,NA,NA,NA,NA,NA,"track","G","EastPacific"
"166126","Friedlaender",NA,NA,NA,"166126","PTT",NA,NA,NA,NA,NA,NA,NA,NA,NA,NA,NA,NA,NA,NA,NA,NA,"track","G",NA
"166127","Friedlaender",NA,NA,NA,"166127","PTT",NA,NA,NA,NA,NA,NA,NA,NA,NA,NA,NA,NA,NA,NA,NA,NA,"track","G","EastPacific"
"166128","Friedlaender",NA,NA,NA,"166128","PTT",NA,NA,NA,NA,NA,NA,NA,NA,NA,NA,NA,NA,NA,NA,NA,NA,"track","G","EastPacific"
"170328","Friedlaender",NA,NA,NA,"170328","PTT",NA,NA,NA,NA,NA,NA,NA,NA,NA,NA,NA,NA,NA,NA,NA,NA,"track","G",NA
"173519","Friedlaender",NA,NA,NA,"173519","PTT",NA,NA,NA,NA,NA,NA,NA,NA,NA,NA,NA,NA,NA,NA,NA,NA,"track","G","EastPacific"
"173522","Friedlaender",NA,NA,NA,"173522","PTT",NA,NA,NA,NA,NA,NA,NA,NA,NA,NA,NA,NA,NA,NA,NA,NA,"track","G","EastPacific"
"173523","Friedlaender",NA,NA,NA,"173523","PTT",NA,NA,NA,NA,NA,NA,NA,NA,NA,NA,NA,NA,NA,NA,NA,NA,"track","G","EastPacific"
"173524","Friedlaender",NA,NA,NA,"173524","PTT",NA,NA,NA,NA,NA,NA,NA,NA,NA,NA,NA,NA,NA,NA,NA,NA,"track","G",NA
"173525","Friedlaender",NA,NA,NA,"173525","PTT",NA,NA,NA,NA,NA,NA,NA,NA,NA,NA,NA,NA,NA,NA,NA,NA,"track","G","EastPacific"
"173526","Friedlaender",NA,NA,NA,"173526","PTT",NA,NA,NA,NA,NA,NA,NA,NA,NA,NA,NA,NA,NA,NA,NA,NA,"track","G","EastPacific"
"173528","Friedlaender",NA,NA,NA,"173528","PTT",NA,NA,NA,NA,NA,NA,NA,NA,NA,NA,NA,NA,NA,NA,NA,NA,"track","G","EastPacific"
"173530","Friedlaender",NA,NA,NA,"173530","PTT",NA,NA,NA,NA,NA,NA,NA,NA,NA,NA,NA,NA,NA,NA,NA,NA,"track","G","EastPacific"
"173531","Friedlaender",NA,NA,NA,"173531","PTT",NA,NA,NA,NA,NA,NA,NA,NA,NA,NA,NA,NA,NA,NA,NA,NA,"track","G","EastPacific"
"2007ANT-00828","OSU_2007ANT","Bruce Mate and Daniel Palacios","daniel.palacios@oregonstate.edu","OSU_tracks_Argos_2007ANT.csv","828","PTT",2007,2,19,"13:07","GMT","Antarctic Peninsula",-64.612,-62.598,NA,NA,NA,NA,NA,NA,NA,"Biopsy samples were taken but are in Punta Arenas, Chile, waiting to be exported to the USA. Need to talk to Anelio Aguayo.","meta","G",NA
"2007ANT-23029","OSU_2007ANT","Bruce Mate and Daniel Palacios","daniel.palacios@oregonstate.edu","OSU_tracks_Argos_2007ANT.csv","23029","PTT",2007,2,22,"15:32","GMT","Antarctic Peninsula",-64.405,-61.624,NA,NA,NA,NA,NA,NA,NA,"Biopsy samples were taken but are in Punta Arenas, Chile, waiting to be exported to the USA. Need to talk to Anelio Aguayo.","meta","G",NA
"2007ANT-23030","OSU_2007ANT","Bruce Mate and Daniel Palacios","daniel.palacios@oregonstate.edu","OSU_tracks_Argos_2007ANT.csv","23030","PTT",2007,2,18,"14:21","GMT","Antarctic Peninsula",-64.765,-62.73,NA,NA,NA,NA,NA,NA,NA,"Biopsy samples were taken but are in Punta Arenas, Chile, waiting to be exported to the USA. Need to talk to Anelio Aguayo.","meta","G",NA
"2007ANT-23031","OSU_2007ANT","Bruce Mate and Daniel Palacios","daniel.palacios@oregonstate.edu","OSU_tracks_Argos_2007ANT.csv","23031","PTT",2007,2,24,"21:30","GMT","Antarctic Peninsula",-64.306,-62.009,NA,NA,NA,NA,NA,NA,NA,"Biopsy samples were taken but are in Punta Arenas, Chile, waiting to be exported to the USA. Need to talk to Anelio Aguayo.","meta","G","EastPacific"
"2007ANT-23032","OSU_2007ANT","Bruce Mate and Daniel Palacios","daniel.palacios@oregonstate.edu","OSU_tracks_Argos_2007ANT.csv","23032","PTT",2007,2,25,"14:08","GMT","Antarctic Peninsula",-65.216,-64.122,NA,NA,NA,NA,NA,NA,NA,"Biopsy samples were taken but are in Punta Arenas, Chile, waiting to be exported to the USA. Need to talk to Anelio Aguayo.","meta","G",NA
"2007ANT-23033","OSU_2007ANT","Bruce Mate and Daniel Palacios","daniel.palacios@oregonstate.edu","OSU_tracks_Argos_2007ANT.csv","23033","PTT",2007,2,25,"16:20","GMT","Antarctic Peninsula",-65.223,-64.121,NA,NA,NA,NA,NA,NA,NA,"Biopsy samples were taken but are in Punta Arenas, Chile, waiting to be exported to the USA. Need to talk to Anelio Aguayo.","meta","G",NA
"2007ANT-23035","OSU_2007ANT","Bruce Mate and Daniel Palacios","daniel.palacios@oregonstate.edu","OSU_tracks_Argos_2007ANT.csv","23035","PTT",2007,2,24,"20:24","GMT","Antarctic Peninsula",-65.214,-64.178,NA,NA,NA,NA,NA,NA,NA,"Biopsy samples were taken but are in Punta Arenas, Chile, waiting to be exported to the USA. Need to talk to Anelio Aguayo.","meta","G",NA
"2007ANT-23037","OSU_2007ANT","Bruce Mate and Daniel Palacios","daniel.palacios@oregonstate.edu","OSU_tracks_Argos_2007ANT.csv","23037","PTT",2007,2,19,"22:04","GMT","Antarctic Peninsula",-64.34,-61.698,NA,NA,NA,NA,NA,NA,NA,"Biopsy samples were taken but are in Punta Arenas, Chile, waiting to be exported to the USA. Need to talk to Anelio Aguayo.","meta","G",NA
"2007ANT-23038","OSU_2007ANT","Bruce Mate and Daniel Palacios","daniel.palacios@oregonstate.edu","OSU_tracks_Argos_2007ANT.csv","23038","PTT",2007,2,19,"20:50","GMT","Antarctic Peninsula",-64.326,-61.442,NA,NA,NA,NA,NA,NA,NA,"Biopsy samples were taken but are in Punta Arenas, Chile, waiting to be exported to the USA. Need to talk to Anelio Aguayo.","meta","G","EastPacific"
"2007ANT-23040","OSU_2007ANT","Bruce Mate and Daniel Palacios","daniel.palacios@oregonstate.edu","OSU_tracks_Argos_2007ANT.csv","23040","PTT",2007,2,22,"14:47","GMT","Antarctic Peninsula",-64.419,-61.651,NA,NA,NA,NA,NA,NA,NA,"Biopsy samples were taken but are in Punta Arenas, Chile, waiting to be exported to the USA. Need to talk to Anelio Aguayo.","meta","G",NA
"2007ANT-23041","OSU_2007ANT","Bruce Mate and Daniel Palacios","daniel.palacios@oregonstate.edu","OSU_tracks_Argos_2007ANT.csv","23041","PTT",2007,2,21,"19:40","GMT","Antarctic Peninsula",-64.546,-61.903,NA,NA,NA,NA,NA,NA,NA,"Biopsy samples were taken but are in Punta Arenas, Chile, waiting to be exported to the USA. Need to talk to Anelio Aguayo.","meta","G","EastPacific"
"2007ANT-23042","OSU_2007ANT","Bruce Mate and Daniel Palacios","daniel.palacios@oregonstate.edu","OSU_tracks_Argos_2007ANT.csv","23042","PTT",2007,2,19,"22:25","GMT","Antarctic Peninsula",-64.347,-61.422,NA,NA,NA,NA,NA,NA,NA,"Biopsy samples were taken but are in Punta Arenas, Chile, waiting to be exported to the USA. Need to talk to Anelio Aguayo.","meta","G",NA
"20683","DallaRosa_AP","Luciano Dalla Rosa","l.dalla@furg.br","RAATD2017_HUWH.csv","20683","PTT",2004,1,17,NA,"UTC","Antarctic Peninsula",-64.4768333,-62.1983333,"",NA,NA,NA,NA,NA,NA,NA,"meta","G","EastPacific"
"20689","DallaRosa_AP","Luciano Dalla Rosa","l.dalla@furg.br","RAATD2017_HUWH.csv","20689","PTT",2004,1,17,NA,"UTC","Antarctic Peninsula",-64.531,-62.282,"",NA,NA,NA,NA,NA,NA,NA,"meta","G","EastPacific"
"2082","Rosenbaum","Howard Rosenbaum","hrosenbaum@wcs.org","WCS_50S_feeding:transiting_points.csv","2082","Telonics ST-Argos",2002,9,12,"10:45","GMT","Gabon",-2.080048,9.127363,"FALSE","genetic","Adult",NA,NA,NA,NA,NA,"meta","B1","Atlantic"
"21809","DallaRosa_AP","Luciano Dalla Rosa","l.dalla@furg.br","RAATD2017_HUWH.csv","21809","PTT",2005,1,19,NA,"UTC","Antarctic Peninsula",-64.1591667,-61.3673333,"",NA,NA,NA,NA,NA,NA,NA,"meta","G",NA
"24639","DallaRosa_AP","Luciano Dalla Rosa","l.dalla@furg.br","RAATD2017_HUWH.csv","24639","PTT",2005,1,23,NA,"UTC","Antarctic Peninsula",-64.7406667,-63.02783333,"",NA,NA,NA,NA,NA,NA,NA,"meta","G",NA
"24640","DallaRosa_AP","Luciano Dalla Rosa","l.dalla@furg.br","RAATD2017_HUWH.csv","24640","PTT",2005,1,24,NA,"UTC","Antarctic Peninsula",-63.9926667,-61.3076667,"F",NA,NA,NA,NA,NA,NA,NA,"meta","G",NA
"26715","DallaRosa_AP","Luciano Dalla Rosa","l.dalla@furg.br","RAATD2017_HUWH.csv","26715","PTT",2005,1,20,NA,"UTC","Antarctic Peninsula",-64.3833333,-62.91,"F",NA,NA,NA,NA,NA,NA,NA,"meta","G",NA
"32934","Oceans&Coasts_Seakamela","Mdu Seakamela","smseakamela@environment.gov.za",NA,"32934","PTT",2017,8,3,NA,"UTC","Off the Bluff, Durban",-29.936,31.06801,NA,NA,"Adult",NA,NA,NA,NA,NA,"meta","C1",NA
"32945","Oceans&Coasts_Seakamela",NA,NA,NA,"32945","PTT",NA,NA,NA,NA,NA,NA,NA,NA,NA,NA,NA,NA,NA,NA,NA,NA,"track","Unknown",NA
"4174","Rosenbaum","Howard Rosenbaum","hrosenbaum@wcs.org","WCS_50S_feeding:transiting_points.csv","4174","Telonics ST-Argos",2002,9,8,"10:45","GMT","Gabon",-2.016067,9.179468,"FALSE","genetic","Adult",NA,NA,NA,NA,NA,"meta","B1","Atlantic"
"53348","AMMC","Virginia Andrews-Goff, Mike Double","Virginia.Andrews-Goff@aad.gov.au","antarctica","53348","PTT",2010,2,21,"657","UTC","Antarctica",-66.88489,164.1775,"M","genetic","Adult",NA,NA,NA,NA,NA,"meta","Unknown","WestPacific"
"53736","AMMC","Virginia Andrews-Goff, Mike Double","Virginia.Andrews-Goff@aad.gov.au","antarctica","53736","PTT",2010,2,21,"309","UTC","Antarctica",-70.2868,-179.7435,"F","genetic","Adult",NA,NA,NA,NA,NA,"meta","Unknown","WestPacific"
"63375","DallaRosa_AP","Luciano Dalla Rosa","l.dalla@furg.br","RAATD2017_HUWH.csv","63375","PTT",2006,1,24,NA,"UTC","Antarctic Peninsula",-64.428,-62.07916667,"F",NA,NA,NA,NA,NA,NA,NA,"meta","G","EastPacific"
"63376","DallaRosa_AP","Luciano Dalla Rosa","l.dalla@furg.br","RAATD2017_HUWH.csv","63376","PTT",2006,1,26,NA,"UTC","Antarctic Peninsula",-64.5351667,-62.5473333,"M",NA,NA,NA,NA,NA,NA,NA,"meta","G","EastPacific"
"63377","DallaRosa_AP","Luciano Dalla Rosa","l.dalla@furg.br","RAATD2017_HUWH.csv","63377","PTT",2006,1,27,NA,"UTC","Antarctic Peninsula",-64.5651667,-62.2083333,"F",NA,NA,NA,NA,NA,NA,NA,"meta","G","EastPacific"
"63378","DallaRosa_AP","Luciano Dalla Rosa","l.dalla@furg.br","RAATD2017_HUWH.csv","63378","PTT",2006,1,27,NA,"UTC","Antarctic Peninsula",-64.5976667,-62.1836667,"F",NA,NA,NA,NA,NA,NA,NA,"meta","G","EastPacific"
"64235","AMMC","Virginia Andrews-Goff, Mike Double","Virginia.Andrews-Goff@aad.gov.au","hbw_sunshine_coast","64235","PTT",2010,10,14,"543","UTC","Sunshine Coast",-26.55044,153.2477,"M","genetic","Adult",NA,NA,NA,NA,NA,"meta","E1","WestPacific"
"88717","AMMC","Virginia Andrews-Goff, Mike Double","Virginia.Andrews-Goff@aad.gov.au","hbw_eden","88717","PTT",2008,10,31,"2007","UTC","Eden",-37.0775,149.9276,"F","with calf","Adult",NA,NA,NA,NA,NA,"meta","E1","WestPacific"
"88718","AMMC","Virginia Andrews-Goff, Mike Double","Virginia.Andrews-Goff@aad.gov.au","hbw_eden","88718","PTT",2008,10,24,"2319","UTC","Eden",-37.00804,150.1013,"M","genetic","Adult",NA,NA,NA,NA,NA,"meta","E1","WestPacific"
"88722","AMMC","Virginia Andrews-Goff, Mike Double","Virginia.Andrews-Goff@aad.gov.au","hbw_eden","88722","PTT",2008,10,28,"2019","UTC","Eden",-37.07336,149.9744,"F","genetic","Adult",NA,NA,NA,NA,NA,"meta","E1","WestPacific"
"88723","AMMC","Virginia Andrews-Goff, Mike Double","Virginia.Andrews-Goff@aad.gov.au","hbw_eden","88723","PTT",2008,10,24,"2229","UTC","Eden",-37.11945,150.0743,NA,NA,"Adult",NA,NA,NA,NA,NA,"meta","E1","WestPacific"
"88725","AMMC","Virginia Andrews-Goff, Mike Double","Virginia.Andrews-Goff@aad.gov.au","hbw_eden","88725","PTT",2008,10,25,"2357","UTC","Eden",-37.03243,150.1013,"M","genetic","Adult",NA,NA,NA,NA,NA,"meta","E1","WestPacific"
"88727","Constantine_Raoul_2015","Rochelle Constantine","r.constantine@auckland.ac.nz","Constantine_Raoul_2015_Raw_humpback_speed_for RAATD.xlsx.csv","88727","PTT",2015,10,8,"20:51","UTC","Raoul Island",-29.271,-178.096,"F",NA,NA,NA,NA,NA,NA,NA,"meta","E2/F","Pacific"
"88728","AMMC","Virginia Andrews-Goff, Mike Double","Virginia.Andrews-Goff@aad.gov.au","hbw_eden","88728","PTT",2008,10,31,"2132","UTC","Eden",-37.09813,149.9316,"F","with calf","Adult",NA,NA,NA,NA,NA,"meta","E1","WestPacific"
"88729","AMMC","Virginia Andrews-Goff, Mike Double","Virginia.Andrews-Goff@aad.gov.au","hbw_eden","88729","PTT",2008,10,29,"138","UTC","Eden",-37.06767,150.0495,"F","genetic","Adult",NA,NA,NA,NA,NA,"meta","E1","EastIndian"
"88732","AMMC","Virginia Andrews-Goff, Mike Double","Virginia.Andrews-Goff@aad.gov.au","hbw_eden","88732","PTT",2008,10,24,"2248","UTC","Eden",-37.1324,150.0819,"M","genetic","Adult",NA,NA,NA,NA,NA,"meta","E1","WestPacific"
"88733","AMMC","Virginia Andrews-Goff, Mike Double","Virginia.Andrews-Goff@aad.gov.au","hbw_eden","88733","PTT",2008,10,24,"2125","UTC","Eden",-37.08148,150.0569,"F","with calf","Adult",NA,NA,NA,NA,NA,"meta","E1","WestPacific"
"88735","AMMC","Virginia Andrews-Goff, Mike Double","Virginia.Andrews-Goff@aad.gov.au","hbw_eden","88735","PTT",2008,10,24,"2355","UTC","Eden",-37.13347,150.0815,"M","genetic","Subadult",NA,NA,NA,NA,NA,"meta","E1","WestPacific"
"88738","AMMC","Virginia Andrews-Goff, Mike Double","Virginia.Andrews-Goff@aad.gov.au","hbw_eden","88738","PTT",2008,10,27,"2350","UTC","Eden",-36.95699,149.9612,"M","genetic","Adult",NA,NA,NA,NA,NA,"meta","E1","WestPacific"
"88741","AMMC","Virginia Andrews-Goff, Mike Double","Virginia.Andrews-Goff@aad.gov.au","hbw_eden","88741","PTT",2008,11,1,"2225","UTC","Eden",-37.0712,149.9543,"F","genetic","Adult",NA,NA,NA,NA,NA,"meta","E1","WestPacific"
"88743","AMMC","Virginia Andrews-Goff, Mike Double","Virginia.Andrews-Goff@aad.gov.au","hbw_eden","88743","PTT",2008,10,24,"302","UTC","Eden",-37.10306,150.0577,"M","genetic","Adult",NA,NA,NA,NA,NA,"meta","E1","WestPacific"
"88744","AMMC","Virginia Andrews-Goff, Mike Double","Virginia.Andrews-Goff@aad.gov.au","hbw_eden","88744","PTT",2008,10,25,"146","UTC","Eden",-37.04541,150.0972,"M","genetic","Adult",NA,NA,NA,NA,NA,"meta","E1","WestPacific"
"88745","AMMC","Virginia Andrews-Goff, Mike Double","Virginia.Andrews-Goff@aad.gov.au","hbw_eden","88745","PTT",2008,10,25,"2327","UTC","Eden",-37.00558,150.1017,"M","genetic","Adult",NA,NA,NA,NA,NA,"meta","E1","WestPacific"
"88746","AMMC","Virginia Andrews-Goff, Mike Double","Virginia.Andrews-Goff@aad.gov.au","hbw_eden","88746","PTT",2008,10,24,"107","UTC","Eden",-37.15643,150.0939,"M","genetic","Subadult",NA,NA,NA,NA,NA,"meta","E1","WestPacific"
"96382","AMMC","Virginia Andrews-Goff, Mike Double","Virginia.Andrews-Goff@aad.gov.au","PTT_96382","96382","PTT",2009,1,2,"939","AWST","Pender Bay",-16.68333,122.65,"F","with calf","Adult",NA,NA,NA,NA,NA,"meta","D","EastIndian"
"96385","AMMC","Virginia Andrews-Goff, Mike Double","Virginia.Andrews-Goff@aad.gov.au","antarctica","96385","PTT",2010,2,22,"619","UTC","Antarctica",-66.58406,163.3529,"F","genetic","Adult",NA,NA,NA,NA,NA,"meta","Unknown","WestPacific"
"96386","AMMC","Virginia Andrews-Goff, Mike Double","Virginia.Andrews-Goff@aad.gov.au","antarctica","96386","PTT",2010,3,1,"16","UTC","Antarctica",-67.97791,166.7589,"F","genetic","Adult",NA,NA,NA,NA,NA,"meta","Unknown","WestPacific"
"96390","AMMC","Virginia Andrews-Goff, Mike Double","Virginia.Andrews-Goff@aad.gov.au","antarctica","96390","PTT",2010,3,8,"249","UTC","Antarctica",-66.81705,163.5012,"F","genetic","Adult",NA,NA,NA,NA,NA,"meta","Unknown","WestPacific"
"96398","AMMC","Virginia Andrews-Goff, Mike Double","Virginia.Andrews-Goff@aad.gov.au","antarctica","96398","PTT",2010,3,8,"254","UTC","Antarctica",-66.80949,163.6983,"M","genetic","Adult",NA,NA,NA,NA,NA,"meta","Unknown","WestPacific"
"96403","AMMC","Virginia Andrews-Goff, Mike Double","Virginia.Andrews-Goff@aad.gov.au","antarctica","96403","PTT",2010,2,25,"2247","UTC","Antarctica",-66.62579,163.0394,"F","genetic","Adult",NA,NA,NA,NA,NA,"meta","Unknown","WestPacific"
"96412","AMMC","Virginia Andrews-Goff, Mike Double","Virginia.Andrews-Goff@aad.gov.au","antarctica","96412","PTT",2010,3,8,"312","UTC","Antarctica",-66.8062,163.701,"F","genetic","Adult",NA,NA,NA,NA,NA,"meta","Unknown","WestPacific"
"98100.1","AMMC",NA,NA,NA,"98100.1","PTT",NA,NA,NA,NA,NA,NA,NA,NA,NA,NA,NA,NA,NA,NA,NA,NA,"track","E1","WestPacific"
"98114.2","AMMC",NA,NA,NA,"98114.2","PTT",NA,NA,NA,NA,NA,NA,NA,NA,NA,NA,NA,NA,NA,NA,NA,NA,"track","E1","WestPacific"
"98129","AMMC","Virginia Andrews-Goff, Mike Double","Virginia.Andrews-Goff@aad.gov.au","hbw_sunshine_coast","98129","PTT",2010,10,15,"2316","UTC","Sunshine Coast",-26.39314,153.1557,"F","with calf","Adult",NA,NA,NA,NA,NA,"meta","E1","WestPacific"
"98138","AMMC","Virginia Andrews-Goff, Mike Double","Virginia.Andrews-Goff@aad.gov.au","antarctica","98138","PTT",2010,2,22,"131","UTC","Antarctica",-66.89719,162.8596,"M","genetic","Adult",NA,NA,NA,NA,NA,"meta","Unknown","WestPacific"
"98139","AMMC","Virginia Andrews-Goff, Mike Double","Virginia.Andrews-Goff@aad.gov.au","hbw_sunshine_coast","98139","PTT",2010,10,13,"540","UTC","Sunshine Coast",-26.60403,153.1356,"M","genetic","Adult",NA,NA,NA,NA,NA,"meta","E1","WestPacific"
"Braz-2003-20162","Zerbini","Alex Zerbini","alex.zerbini@noaa.gov","Brazil_03_18_Ryan_20191121.csv","Braz-2003-20162","PTT",2003,10,19,"14:33:00","UTC",NA,-18.48,-39.37,NA,NA,NA,NA,NA,NA,NA,NA,"meta","A",NA
"Braz-2003-20687","Zerbini","Alex Zerbini","alex.zerbini@noaa.gov","Brazil_03_18_Ryan_20191121.csv","Braz-2003-20687","PTT",2003,10,27,"17:02:00","UTC",NA,-18.46,-39.32,NA,NA,NA,NA,NA,NA,NA,NA,"meta","A","Atlantic"
"Braz-2003-21791","Zerbini","Alex Zerbini","alex.zerbini@noaa.gov","Brazil_03_18_Ryan_20191121.csv","Braz-2003-21791","PTT",2003,10,28,"17:12:00","UTC",NA,-18.6,-39.48,NA,NA,NA,NA,NA,NA,NA,NA,"meta","A","Atlantic"
"Braz-2003-21792","Zerbini","Alex Zerbini","alex.zerbini@noaa.gov","Brazil_03_18_Ryan_20191121.csv","Braz-2003-21792","PTT",2003,10,27,"16:32:00","UTC",NA,-18.46,-39.33,NA,NA,NA,NA,NA,NA,NA,NA,"meta","A","Atlantic"
"Braz-2003-21800","Zerbini","Alex Zerbini","alex.zerbini@noaa.gov","Brazil_03_18_Ryan_20191121.csv","Braz-2003-21800","PTT",2003,10,28,"14:00:00","UTC",NA,-18.72,-39.24,NA,NA,NA,NA,NA,NA,NA,NA,"meta","A","Atlantic"
"Braz-2003-21809","Zerbini","Alex Zerbini","alex.zerbini@noaa.gov","Brazil_03_18_Ryan_20191121.csv","Braz-2003-21809","PTT",2003,10,27,"14:33:00","UTC",NA,-18.42,-39.21,NA,NA,NA,NA,NA,NA,NA,NA,"meta","A","Atlantic"
"Braz-2003-21810","Zerbini","Alex Zerbini","alex.zerbini@noaa.gov","Brazil_03_18_Ryan_20191121.csv","Braz-2003-21810","PTT",2003,10,18,"12:13:00","UTC",NA,-18.68,-39.48,NA,NA,NA,NA,NA,NA,NA,NA,"meta","A","Atlantic"
"Braz-2003-24640","Zerbini","Alex Zerbini","alex.zerbini@noaa.gov","Brazil_03_18_Ryan_20191121.csv","Braz-2003-24640","PTT",2003,10,19,"12:23:00","UTC",NA,-18.55,-39.44,NA,NA,NA,NA,NA,NA,NA,NA,"meta","A","Atlantic"
"Braz-2003-24642","Zerbini","Alex Zerbini","alex.zerbini@noaa.gov","Brazil_03_18_Ryan_20191121.csv","Braz-2003-24642","PTT",2003,10,27,"12:38:00","UTC",NA,-18.52,-39.19,NA,NA,NA,NA,NA,NA,NA,NA,"meta","A","Atlantic"
"Braz-2003-27259","Zerbini","Alex Zerbini","alex.zerbini@noaa.gov","Brazil_03_18_Ryan_20191121.csv","Braz-2003-27259","PTT",2003,10,19,"13:38:00","UTC",NA,-18.52,-39.36,NA,NA,NA,NA,NA,NA,NA,NA,"meta","A","Atlantic"
"Braz-2003-27261","Zerbini","Alex Zerbini","alex.zerbini@noaa.gov","Brazil_03_18_Ryan_20191121.csv","Braz-2003-27261","PTT",2003,10,19,"14:19:00","UTC",NA,-18.55,-39.24,NA,NA,NA,NA,NA,NA,NA,NA,"meta","A",NA
"Braz-2005-10946","Zerbini","Alex Zerbini","alex.zerbini@noaa.gov","Brazil_03_18_Ryan_20191121.csv","Braz-2005-10946","PTT",2005,10,19,"11:19:00","UTC",NA,-18,-39.15,NA,NA,NA,NA,NA,NA,NA,NA,"meta","A","Atlantic"
"Braz-2005-24641","Zerbini","Alex Zerbini","alex.zerbini@noaa.gov","Brazil_03_18_Ryan_20191121.csv","Braz-2005-24641","PTT",2005,10,19,"13:40:00","UTC",NA,-18.1,-39.01667,NA,NA,NA,NA,NA,NA,NA,NA,"meta","A","Atlantic"
"Braz-2005-26712","Zerbini","Alex Zerbini","alex.zerbini@noaa.gov","Brazil_03_18_Ryan_20191121.csv","Braz-2005-26712","PTT",2005,10,11,"15:04:00","UTC",NA,-18.1,-39.0167,NA,NA,NA,NA,NA,NA,NA,NA,"meta","A","Atlantic"
"Braz-2005-27258","Zerbini","Alex Zerbini","alex.zerbini@noaa.gov","Brazil_03_18_Ryan_20191121.csv","Braz-2005-27258","PTT",2005,10,19,"12:03:00","UTC",NA,-18.033,-39.15,NA,NA,NA,NA,NA,NA,NA,NA,"meta","A","Atlantic"
"Braz-2005-27259","Zerbini","Alex Zerbini","alex.zerbini@noaa.gov","Brazil_03_18_Ryan_20191121.csv","Braz-2005-27259","PTT",2005,10,16,"13:57:00","UTC",NA,-18.0566,-39.1,NA,NA,NA,NA,NA,NA,NA,NA,"meta","A","Atlantic"
"Braz-2005-27261","Zerbini","Alex Zerbini","alex.zerbini@noaa.gov","Brazil_03_18_Ryan_20191121.csv","Braz-2005-27261","PTT",2005,10,12,"13:03:00","UTC",NA,-17.9333,-39.1333,NA,NA,NA,NA,NA,NA,NA,NA,"meta","A","Atlantic"
"Braz-2005-33000","Zerbini","Alex Zerbini","alex.zerbini@noaa.gov","Brazil_03_18_Ryan_20191121.csv","Braz-2005-33000","PTT",2005,10,19,"14:30:00","UTC",NA,-18.07333,-39.07667,NA,NA,NA,NA,NA,NA,NA,NA,"meta","A","Atlantic"
"Braz-2005-33001","Zerbini","Alex Zerbini","alex.zerbini@noaa.gov","Brazil_03_18_Ryan_20191121.csv","Braz-2005-33001","PTT",2005,10,19,"15:15:00","UTC",NA,-18.0917,-39.07617,NA,NA,NA,NA,NA,NA,NA,NA,"meta","A","Atlantic"
"Braz-2005-37229","Zerbini","Alex Zerbini","alex.zerbini@noaa.gov","Brazil_03_18_Ryan_20191121.csv","Braz-2005-37229","PTT",2005,10,16,"12:06:00","UTC",NA,-18.07633,-39.10583,NA,NA,NA,NA,NA,NA,NA,NA,"meta","A",NA
"Braz-2005-37231","Zerbini","Alex Zerbini","alex.zerbini@noaa.gov","Brazil_03_18_Ryan_20191121.csv","Braz-2005-37231","PTT",2005,10,16,"12:18:00","UTC",NA,-18.07667,-39.10433,NA,NA,NA,NA,NA,NA,NA,NA,"meta","A","Atlantic"
"Braz-2005-37234","Zerbini","Alex Zerbini","alex.zerbini@noaa.gov","Brazil_03_18_Ryan_20191121.csv","Braz-2005-37234","PTT",2005,10,16,"12:18:00","UTC",NA,-18.07667,-39.10433,NA,NA,NA,NA,NA,NA,NA,NA,"meta","A","Atlantic"
"Braz-2005-7617","Zerbini","Alex Zerbini","alex.zerbini@noaa.gov","Brazil_03_18_Ryan_20191121.csv","Braz-2005-7617","PTT",2005,10,11,"12:41:00","UTC",NA,-18.016,-39.05,NA,NA,NA,NA,NA,NA,NA,NA,"meta","A","Atlantic"
"Braz-2005-7618","Zerbini","Alex Zerbini","alex.zerbini@noaa.gov","Brazil_03_18_Ryan_20191121.csv","Braz-2005-7618","PTT",2005,10,11,"14:25:00","UTC",NA,-18.01,-39.03,NA,NA,NA,NA,NA,NA,NA,NA,"meta","A","Atlantic"
"Braz-2006-27259","Zerbini","Alex Zerbini","alex.zerbini@noaa.gov","Brazil_03_18_Ryan_20191121.csv","Braz-2006-27259","PTT",2006,10,13,"12:00:00","UTC",NA,-17.99633,-39.12883,NA,NA,NA,NA,NA,NA,NA,NA,"meta","A",NA
"Braz-2006-33000","Zerbini","Alex Zerbini","alex.zerbini@noaa.gov","Brazil_03_18_Ryan_20191121.csv","Braz-2006-33000","PTT",2006,10,12,"12:08:00","UTC",NA,-18.005,-39.18217,NA,NA,NA,NA,NA,NA,NA,NA,"meta","A",NA
"Braz-2006-33001","Zerbini","Alex Zerbini","alex.zerbini@noaa.gov","Brazil_03_18_Ryan_20191121.csv","Braz-2006-33001","PTT",2006,10,25,"17:56:00","UTC",NA,-17.99283,-39.08667,NA,NA,NA,NA,NA,NA,NA,NA,"meta","A","Atlantic"
"Braz-2006-37229","Zerbini","Alex Zerbini","alex.zerbini@noaa.gov","Brazil_03_18_Ryan_20191121.csv","Braz-2006-37229","PTT",2006,10,12,"11:15:00","UTC",NA,-17.98817,-39.1555,NA,NA,NA,NA,NA,NA,NA,NA,"meta","A","Atlantic"
"Braz-2006-37230","Zerbini","Alex Zerbini","alex.zerbini@noaa.gov","Brazil_03_18_Ryan_20191121.csv","Braz-2006-37230","PTT",2006,10,26,"11:50:00","UTC",NA,-18.18533,-39.1685,NA,NA,NA,NA,NA,NA,NA,NA,"meta","A",NA
"Braz-2006-37234","Zerbini","Alex Zerbini","alex.zerbini@noaa.gov","Brazil_03_18_Ryan_20191121.csv","Braz-2006-37234","PTT",2006,10,28,"10:50:00","UTC",NA,-18.022,-39.13113,NA,NA,NA,NA,NA,NA,NA,NA,"meta","A",NA
"Braz-2006-37236","Zerbini","Alex Zerbini","alex.zerbini@noaa.gov","Brazil_03_18_Ryan_20191121.csv","Braz-2006-37236","PTT",2006,10,26,"11:50:00","UTC",NA,-18.1865,-39.206,NA,NA,NA,NA,NA,NA,NA,NA,"meta","A",NA
"Braz-2006-37282","Zerbini","Alex Zerbini","alex.zerbini@noaa.gov","Brazil_03_18_Ryan_20191121.csv","Braz-2006-37282","PTT",2006,10,18,"13:59:00","UTC",NA,-18.03483,-39.15417,NA,NA,NA,NA,NA,NA,NA,NA,"meta","A","Atlantic"
"Braz-2006-37288","Zerbini","Alex Zerbini","alex.zerbini@noaa.gov","Brazil_03_18_Ryan_20191121.csv","Braz-2006-37288","PTT",2006,10,20,"13:35:00","UTC",NA,-18.0165,-39.15933,NA,NA,NA,NA,NA,NA,NA,NA,"meta","A",NA
"Braz-2006-42521","Zerbini","Alex Zerbini","alex.zerbini@noaa.gov","Brazil_03_18_Ryan_20191121.csv","Braz-2006-42521","PTT",2006,10,26,"14:50:00","UTC",NA,-18.2675,-39.09617,NA,NA,NA,NA,NA,NA,NA,NA,"meta","A",NA
"Braz-2006-50682","Zerbini","Alex Zerbini","alex.zerbini@noaa.gov","Brazil_03_18_Ryan_20191121.csv","Braz-2006-50682","PTT",2006,10,25,"16:41:00","UTC",NA,-18.00417,-39.1545,NA,NA,NA,NA,NA,NA,NA,NA,"meta","A","Atlantic"
"Braz-2007-27261","Zerbini","Alex Zerbini","alex.zerbini@noaa.gov","Brazil_03_18_Ryan_20191121.csv","Braz-2007-27261","PTT",2007,9,12,"14:24:00","UTC",NA,-17.981,-39.169,NA,NA,NA,NA,NA,NA,NA,NA,"meta","A","Atlantic"
"Braz-2007-37231","Zerbini","Alex Zerbini","alex.zerbini@noaa.gov","Brazil_03_18_Ryan_20191121.csv","Braz-2007-37231","PTT",2007,9,12,"12:37:00","UTC",NA,-17.981,-39.093,NA,NA,NA,NA,NA,NA,NA,NA,"meta","A",NA
"Braz-2007-37286","Zerbini","Alex Zerbini","alex.zerbini@noaa.gov","Brazil_03_18_Ryan_20191121.csv","Braz-2007-37286","PTT",2007,9,14,"14:21:00","UTC",NA,-17.998,-39.14,NA,NA,NA,NA,NA,NA,NA,NA,"meta","A","Atlantic"
"Braz-2007-37288","Zerbini","Alex Zerbini","alex.zerbini@noaa.gov","Brazil_03_18_Ryan_20191121.csv","Braz-2007-37288","PTT",2007,9,14,"14:56:00","UTC",NA,-18.004,-39.147,NA,NA,NA,NA,NA,NA,NA,NA,"meta","A","Atlantic"
"Braz-2007-42521","Zerbini","Alex Zerbini","alex.zerbini@noaa.gov","Brazil_03_18_Ryan_20191121.csv","Braz-2007-42521","PTT",2007,9,8,"15:47:00","UTC",NA,-18.01,-39.098,NA,NA,NA,NA,NA,NA,NA,NA,"meta","A","Atlantic"
"Braz-2007-42525","Zerbini","Alex Zerbini","alex.zerbini@noaa.gov","Brazil_03_18_Ryan_20191121.csv","Braz-2007-42525","PTT",2007,9,16,"12:29:00","UTC",NA,-18.113,-39.157,NA,NA,NA,NA,NA,NA,NA,NA,"meta","A","Atlantic"
"Braz-2007-50682","Zerbini","Alex Zerbini","alex.zerbini@noaa.gov","Brazil_03_18_Ryan_20191121.csv","Braz-2007-50682","PTT",2007,9,15,"11:57:00","UTC",NA,-18.038,-39.176,NA,NA,NA,NA,NA,NA,NA,NA,"meta","A",NA
"Braz-2007-50686","Zerbini","Alex Zerbini","alex.zerbini@noaa.gov","Brazil_03_18_Ryan_20191121.csv","Braz-2007-50686","PTT",2007,9,15,"14:09:00","UTC",NA,-18.117,-39.139,NA,NA,NA,NA,NA,NA,NA,NA,"meta","A","Atlantic"
"Braz-2007-50687","Zerbini","Alex Zerbini","alex.zerbini@noaa.gov","Brazil_03_18_Ryan_20191121.csv","Braz-2007-50687","PTT",2007,9,16,"13:32:00","UTC",NA,-18.157,-39.105,NA,NA,NA,NA,NA,NA,NA,NA,"meta","A","Atlantic"
"Braz-2007-60004","Zerbini","Alex Zerbini","alex.zerbini@noaa.gov","Brazil_03_18_Ryan_20191121.csv","Braz-2007-60004","PTT",2007,9,16,"11:12:00","UTC",NA,-18.073,-39.224,NA,NA,NA,NA,NA,NA,NA,NA,"meta","A","Atlantic"
"Braz-2007-60007","Zerbini","Alex Zerbini","alex.zerbini@noaa.gov","Brazil_03_18_Ryan_20191121.csv","Braz-2007-60007","PTT",2007,9,8,"15:38:00","UTC",NA,-18.011,-39.096,NA,NA,NA,NA,NA,NA,NA,NA,"meta","A",NA
"Braz-2008-87759","Zerbini","Alex Zerbini","alex.zerbini@noaa.gov","Brazil_03_18_Ryan_20191121.csv","Braz-2008-87759","PTT",2008,8,27,"12:27:00","UTC",NA,-18.5,-38.52,NA,NA,NA,NA,NA,NA,NA,NA,"meta","A","Atlantic"
"Braz-2008-87760","Zerbini","Alex Zerbini","alex.zerbini@noaa.gov","Brazil_03_18_Ryan_20191121.csv","Braz-2008-87760","PTT",2008,8,28,"17:58:00","UTC",NA,-15.36,-38.76,NA,NA,NA,NA,NA,NA,NA,NA,"meta","A","Atlantic"
"Braz-2008-87761","Zerbini","Alex Zerbini","alex.zerbini@noaa.gov","Brazil_03_18_Ryan_20191121.csv","Braz-2008-87761","PTT",2008,8,28,"19:10:00","UTC",NA,-15.32,-38.77,NA,NA,NA,NA,NA,NA,NA,NA,"meta","A","Atlantic"
"Braz-2008-87762","Zerbini","Alex Zerbini","alex.zerbini@noaa.gov","Brazil_03_18_Ryan_20191121.csv","Braz-2008-87762","PTT",2008,8,29,"15:45:00","UTC",NA,-12.75,-38.01,NA,NA,NA,NA,NA,NA,NA,NA,"meta","A","Atlantic"
"Braz-2008-87763","Zerbini","Alex Zerbini","alex.zerbini@noaa.gov","Brazil_03_18_Ryan_20191121.csv","Braz-2008-87763","PTT",2008,8,30,"15:10:00","UTC",NA,-9.77,-35.65,NA,NA,NA,NA,NA,NA,NA,NA,"meta","A","Atlantic"
"Braz-2008-87764","Zerbini","Alex Zerbini","alex.zerbini@noaa.gov","Brazil_03_18_Ryan_20191121.csv","Braz-2008-87764","PTT",2008,9,6,"17:49:00","UTC",NA,-10.09,-35.87,NA,NA,NA,NA,NA,NA,NA,NA,"meta","A","Atlantic"
"Braz-2008-87765","Zerbini","Alex Zerbini","alex.zerbini@noaa.gov","Brazil_03_18_Ryan_20191121.csv","Braz-2008-87765","PTT",2008,9,7,"16:25:00","UTC",NA,-10.74,-36.51,NA,NA,NA,NA,NA,NA,NA,NA,"meta","A","Atlantic"
"Braz-2008-87766","Zerbini","Alex Zerbini","alex.zerbini@noaa.gov","Brazil_03_18_Ryan_20191121.csv","Braz-2008-87766","PTT",2008,9,8,"16:41:00","UTC",NA,-10.73,-36.53,NA,NA,NA,NA,NA,NA,NA,NA,"meta","A","Atlantic"
"Braz-2008-87767","Zerbini","Alex Zerbini","alex.zerbini@noaa.gov","Brazil_03_18_Ryan_20191121.csv","Braz-2008-87767","PTT",2008,9,7,"17:14:00","UTC",NA,-10.71,-36.51,NA,NA,NA,NA,NA,NA,NA,NA,"meta","A",NA
"Braz-2008-87768","Zerbini","Alex Zerbini","alex.zerbini@noaa.gov","Brazil_03_18_Ryan_20191121.csv","Braz-2008-87768","PTT",2008,9,12,"17:14:00","UTC",NA,-14.381,-38.918,NA,NA,NA,NA,NA,NA,NA,NA,"meta","A","Atlantic"
"Braz-2008-87769","Zerbini","Alex Zerbini","alex.zerbini@noaa.gov","Brazil_03_18_Ryan_20191121.csv","Braz-2008-87769","PTT",2008,9,12,"12:23:00","UTC",NA,-14.366,-38.912,NA,NA,NA,NA,NA,NA,NA,NA,"meta","A","Atlantic"
"Braz-2008-87770","Zerbini","Alex Zerbini","alex.zerbini@noaa.gov","Brazil_03_18_Ryan_20191121.csv","Braz-2008-87770","PTT",2008,9,12,"12:50:00","UTC",NA,-14.368,-38.92,NA,NA,NA,NA,NA,NA,NA,NA,"meta","A",NA
"Braz-2008-87773","Zerbini","Alex Zerbini","alex.zerbini@noaa.gov","Brazil_03_18_Ryan_20191121.csv","Braz-2008-87773","PTT",2008,9,12,"17:36:00","UTC",NA,-14.639,-39.01,NA,NA,NA,NA,NA,NA,NA,NA,"meta","A","Atlantic"
"Braz-2008-87774","Zerbini","Alex Zerbini","alex.zerbini@noaa.gov","Brazil_03_18_Ryan_20191121.csv","Braz-2008-87774","PTT",2008,9,17,"14:44:00","UTC",NA,-18.894,-38.166,NA,NA,NA,NA,NA,NA,NA,NA,"meta","A","Atlantic"
"Braz-2008-87775","Zerbini","Alex Zerbini","alex.zerbini@noaa.gov","Brazil_03_18_Ryan_20191121.csv","Braz-2008-87775","PTT",2008,9,16,"17:44:00","UTC",NA,-18.35,-38.67,NA,NA,NA,NA,NA,NA,NA,NA,"meta","A","Atlantic"
"Braz-2008-87776","Zerbini","Alex Zerbini","alex.zerbini@noaa.gov","Brazil_03_18_Ryan_20191121.csv","Braz-2008-87776","PTT",2008,9,16,"18:56:00","UTC",NA,-18.35,-38.64,NA,NA,NA,NA,NA,NA,NA,NA,"meta","A","Atlantic"
"Braz-2008-87777","Zerbini","Alex Zerbini","alex.zerbini@noaa.gov","Brazil_03_18_Ryan_20191121.csv","Braz-2008-87777","PTT",2008,9,16,"16:42:00","UTC",NA,-18.37,-38.63,NA,NA,NA,NA,NA,NA,NA,NA,"meta","A",NA
"Braz-2008-87778","Zerbini","Alex Zerbini","alex.zerbini@noaa.gov","Brazil_03_18_Ryan_20191121.csv","Braz-2008-87778","PTT",2008,9,17,"11:22:00","UTC",NA,-18.91,-38.145,NA,NA,NA,NA,NA,NA,NA,NA,"meta","A","Atlantic"
"Braz-2009-81122","Zerbini","Alex Zerbini","alex.zerbini@noaa.gov","Brazil_03_18_Ryan_20191121.csv","Braz-2009-81122","PTT",2009,9,27,"15:11:00","UTC",NA,-13.887,-38.765,NA,NA,NA,NA,NA,NA,NA,NA,"meta","A",NA
"Braz-2009-81123","Zerbini","Alex Zerbini","alex.zerbini@noaa.gov","Brazil_03_18_Ryan_20191121.csv","Braz-2009-81123","PTT",2009,9,24,"17:19:00","UTC",NA,-13.942,-38.84,NA,NA,NA,NA,NA,NA,NA,NA,"meta","A","Atlantic"
"Braz-2009-81124","Zerbini","Alex Zerbini","alex.zerbini@noaa.gov","Brazil_03_18_Ryan_20191121.csv","Braz-2009-81124","PTT",2009,9,25,"16:10:00","UTC",NA,-13.897,-39.773,NA,NA,NA,NA,NA,NA,NA,NA,"meta","A",NA
"Braz-2009-81125","Zerbini","Alex Zerbini","alex.zerbini@noaa.gov","Brazil_03_18_Ryan_20191121.csv","Braz-2009-81125","PTT",2009,9,24,"18:23:00","UTC",NA,-14.004,-38.84,NA,NA,NA,NA,NA,NA,NA,NA,"meta","A","Atlantic"
"Braz-2009-81126","Zerbini","Alex Zerbini","alex.zerbini@noaa.gov","Brazil_03_18_Ryan_20191121.csv","Braz-2009-81126","PTT",2009,9,25,"16:10:00","UTC",NA,-13.886,-38.765,NA,NA,NA,NA,NA,NA,NA,NA,"meta","A","Atlantic"
"Braz-2009-87771","Zerbini","Alex Zerbini","alex.zerbini@noaa.gov","Brazil_03_18_Ryan_20191121.csv","Braz-2009-87771","PTT",2009,9,14,"14:00:00","UTC",NA,-13.901,-38.887,NA,NA,NA,NA,NA,NA,NA,NA,"meta","A","Atlantic"
"Braz-2009-87773","Zerbini","Alex Zerbini","alex.zerbini@noaa.gov","Brazil_03_18_Ryan_20191121.csv","Braz-2009-87773","PTT",2009,9,15,"15:00:00","UTC",NA,-13.772,-38.796,NA,NA,NA,NA,NA,NA,NA,NA,"meta","A","Atlantic"
"Braz-2009-87774","Zerbini","Alex Zerbini","alex.zerbini@noaa.gov","Brazil_03_18_Ryan_20191121.csv","Braz-2009-87774","PTT",2009,9,15,"21:28:00","UTC",NA,-14.125,-38.843,NA,NA,NA,NA,NA,NA,NA,NA,"meta","A","Atlantic"
"Braz-2009-87783","Zerbini","Alex Zerbini","alex.zerbini@noaa.gov","Brazil_03_18_Ryan_20191121.csv","Braz-2009-87783","PTT",2009,9,18,"16:33:00","UTC",NA,-13.826,-38.78,NA,NA,NA,NA,NA,NA,NA,NA,"meta","A","Atlantic"
"Braz-2009-88719","Zerbini","Alex Zerbini","alex.zerbini@noaa.gov","Brazil_03_18_Ryan_20191121.csv","Braz-2009-88719","PTT",2009,9,17,"16:39:00","UTC",NA,-13.952,-38.79,NA,NA,NA,NA,NA,NA,NA,NA,"meta","A","Atlantic"
"Braz-2009-88720","Zerbini","Alex Zerbini","alex.zerbini@noaa.gov","Brazil_03_18_Ryan_20191121.csv","Braz-2009-88720","PTT",2009,9,24,"16:03:00","UTC",NA,-13.85,-38.78,NA,NA,NA,NA,NA,NA,NA,NA,"meta","A",NA
"Braz-2009-88727","Zerbini","Alex Zerbini","alex.zerbini@noaa.gov","Brazil_03_18_Ryan_20191121.csv","Braz-2009-88727","PTT",2009,9,19,"14:30:00","UTC",NA,-13.834,-38.718,NA,NA,NA,NA,NA,NA,NA,NA,"meta","A","Atlantic"
"Braz-2010-102211","Zerbini","Alex Zerbini","alex.zerbini@noaa.gov","Brazil_03_18_Ryan_20191121.csv","Braz-2010-102211","PTT",2010,10,6,"17:17:00","UTC",NA,-14.08910239,-38.81541769,NA,NA,NA,NA,NA,NA,NA,NA,"meta","A","Atlantic"
"Braz-2010-84496","Zerbini","Alex Zerbini","alex.zerbini@noaa.gov","Brazil_03_18_Ryan_20191121.csv","Braz-2010-84496","PTT",2010,10,6,"11:17:00","UTC",NA,-13.90601055,-38.87108489,NA,NA,NA,NA,NA,NA,NA,NA,"meta","A",NA
"Braz-2010-84497","Zerbini","Alex Zerbini","alex.zerbini@noaa.gov","Brazil_03_18_Ryan_20191121.csv","Braz-2010-84497","PTT",2010,10,1,"14:53:00","UTC",NA,-13.7515833,-38.78603743,NA,NA,NA,NA,NA,NA,NA,NA,"meta","A","Atlantic"
"Braz-2010-87624","Zerbini","Alex Zerbini","alex.zerbini@noaa.gov","Brazil_03_18_Ryan_20191121.csv","Braz-2010-87624","PTT",2010,10,6,"17:45:00","UTC",NA,-13.99609431,-38.85457939,NA,NA,NA,NA,NA,NA,NA,NA,"meta","A","Atlantic"
"Braz-2010-87631","Zerbini","Alex Zerbini","alex.zerbini@noaa.gov","Brazil_03_18_Ryan_20191121.csv","Braz-2010-87631","PTT",2010,10,5,"12:41:00","UTC",NA,-13.90419432,-38.88915413,NA,NA,NA,NA,NA,NA,NA,NA,"meta","A","Atlantic"
"Braz-2010-87759","Zerbini","Alex Zerbini","alex.zerbini@noaa.gov","Brazil_03_18_Ryan_20191121.csv","Braz-2010-87759","PTT",2010,10,2,"16:38:00","UTC",NA,-13.66630937,-38.84646041,NA,NA,NA,NA,NA,NA,NA,NA,"meta","A",NA
"Braz-2010-87773","Zerbini","Alex Zerbini","alex.zerbini@noaa.gov","Brazil_03_18_Ryan_20191121.csv","Braz-2010-87773","PTT",2010,9,18,"12:15:00","UTC",NA,-13.88343333,-38.84303333,NA,NA,NA,NA,NA,NA,NA,NA,"meta","A","Atlantic"
"Braz-2010-87777","Zerbini","Alex Zerbini","alex.zerbini@noaa.gov","Brazil_03_18_Ryan_20191121.csv","Braz-2010-87777","PTT",2010,10,5,"14:48:00","UTC",NA,-14.01949458,-38.87923714,NA,NA,NA,NA,NA,NA,NA,NA,"meta","A","Atlantic"
"Braz-2010-87778","Zerbini","Alex Zerbini","alex.zerbini@noaa.gov","Brazil_03_18_Ryan_20191121.csv","Braz-2010-87778","PTT",2010,10,6,"16:45:00","UTC",NA,-14.05589693,-38.83831534,NA,NA,NA,NA,NA,NA,NA,NA,"meta","A","Atlantic"
"Braz-2010-87781","Zerbini","Alex Zerbini","alex.zerbini@noaa.gov","Brazil_03_18_Ryan_20191121.csv","Braz-2010-87781","PTT",2010,10,1,"11:19:00","UTC",NA,-13.8686966,-38.80740583,NA,NA,NA,NA,NA,NA,NA,NA,"meta","A","Atlantic"
"Braz-2010-88724","Zerbini","Alex Zerbini","alex.zerbini@noaa.gov","Brazil_03_18_Ryan_20191121.csv","Braz-2010-88724","PTT",2010,10,1,"12:42:00","UTC",NA,-13.85717135,-38.79151882,NA,NA,NA,NA,NA,NA,NA,NA,"meta","A","Atlantic"
"Braz-2010-88726","Zerbini","Alex Zerbini","alex.zerbini@noaa.gov","Brazil_03_18_Ryan_20191121.csv","Braz-2010-88726","PTT",2010,9,28,"13:12:00","UTC",NA,-13.88313864,-38.81750023,NA,NA,NA,NA,NA,NA,NA,NA,"meta","A","Atlantic"
"Braz-2010-96380","Zerbini","Alex Zerbini","alex.zerbini@noaa.gov","Brazil_03_18_Ryan_20191121.csv","Braz-2010-96380","PTT",2010,9,23,"17:17:00","UTC",NA,-13.83497109,-38.86137161,NA,NA,NA,NA,NA,NA,NA,NA,"meta","A","Atlantic"
"Braz-2011-111868","Zerbini","Alex Zerbini","alex.zerbini@noaa.gov","Brazil_03_18_Ryan_20191121.csv","Braz-2011-111868","PTT",2011,10,10,"13:19:00","UTC",NA,-14.086,-38.861,NA,NA,NA,NA,NA,NA,NA,NA,"meta","A","Atlantic"
"Braz-2011-111869","Zerbini","Alex Zerbini","alex.zerbini@noaa.gov","Brazil_03_18_Ryan_20191121.csv","Braz-2011-111869","PTT",2011,10,7,"11:57:00","UTC",NA,-13.722,-38.83,NA,NA,NA,NA,NA,NA,NA,NA,"meta","A","Atlantic"
"Braz-2011-87768","Zerbini","Alex Zerbini","alex.zerbini@noaa.gov","Brazil_03_18_Ryan_20191121.csv","Braz-2011-87768","PTT",2011,10,22,"17:20:00","UTC",NA,-13.92,-38.815,NA,NA,NA,NA,NA,NA,NA,NA,"meta","A","Atlantic"
"Braz-2011-87769","Zerbini","Alex Zerbini","alex.zerbini@noaa.gov","Brazil_03_18_Ryan_20191121.csv","Braz-2011-87769","PTT",2011,10,1,"12:58:00","UTC",NA,-13.877,-38.826,NA,NA,NA,NA,NA,NA,NA,NA,"meta","A","Atlantic"
"Braz-2011-87773","Zerbini","Alex Zerbini","alex.zerbini@noaa.gov","Brazil_03_18_Ryan_20191121.csv","Braz-2011-87773","PTT",2011,9,29,"16:17:00","UTC",NA,-13.926,-38.87,NA,NA,NA,NA,NA,NA,NA,NA,"meta","A","Atlantic"
"Braz-2011-87774","Zerbini","Alex Zerbini","alex.zerbini@noaa.gov","Brazil_03_18_Ryan_20191121.csv","Braz-2011-87774","PTT",2011,9,30,"13:15:00","UTC",NA,-14.079,-38.827,NA,NA,NA,NA,NA,NA,NA,NA,"meta","A","Atlantic"
"Braz-2011-87776","Zerbini","Alex Zerbini","alex.zerbini@noaa.gov","Brazil_03_18_Ryan_20191121.csv","Braz-2011-87776","PTT",2011,9,29,"11:31:00","UTC",NA,-13.858,-38.886,NA,NA,NA,NA,NA,NA,NA,NA,"meta","A","Atlantic"
"Braz-2011-87783","Zerbini","Alex Zerbini","alex.zerbini@noaa.gov","Brazil_03_18_Ryan_20191121.csv","Braz-2011-87783","PTT",2011,10,10,"16:41:00","UTC",NA,-14.175,-38.868,NA,NA,NA,NA,NA,NA,NA,NA,"meta","A","Atlantic"
"Braz-2012-111871","Zerbini",NA,NA,NA,"Braz-2012-111871","PTT",NA,NA,NA,NA,NA,NA,NA,NA,NA,NA,NA,NA,NA,NA,NA,NA,"track","A","Atlantic"
"Braz-2012-112694","Zerbini","Alex Zerbini","alex.zerbini@noaa.gov","Brazil_03_18_Ryan_20191121.csv","Braz-2012-112694","PTT",2012,8,8,"18:35:00","UTC",NA,-21.83733333,-40.33985,NA,NA,NA,NA,NA,NA,NA,NA,"meta","A",NA
"Braz-2012-112702","Zerbini","Alex Zerbini","alex.zerbini@noaa.gov","Brazil_03_18_Ryan_20191121.csv","Braz-2012-112702","PTT",2012,10,20,"15:33:00","UTC",NA,-18.08472496,-39.00598529,NA,NA,NA,NA,NA,NA,NA,NA,"meta","A","Atlantic"
"Braz-2012-112712","Zerbini","Alex Zerbini","alex.zerbini@noaa.gov","Brazil_03_18_Ryan_20191121.csv","Braz-2012-112712","PTT",2012,10,26,"14:14:00","UTC",NA,-18.12732389,-39.13652731,NA,NA,NA,NA,NA,NA,NA,NA,"meta","A","Atlantic"
"Braz-2012-112714","Zerbini","Alex Zerbini","alex.zerbini@noaa.gov","Brazil_03_18_Ryan_20191121.csv","Braz-2012-112714","PTT",2012,10,25,"13:34:00","UTC",NA,-17.96955577,-39.0534567,NA,NA,NA,NA,NA,NA,NA,NA,"meta","A","Atlantic"
"Braz-2012-112717","Zerbini","Alex Zerbini","alex.zerbini@noaa.gov","Brazil_03_18_Ryan_20191121.csv","Braz-2012-112717","PTT",2012,8,8,"19:32:00","UTC",NA,-21.7849,-40.28633333,NA,NA,NA,NA,NA,NA,NA,NA,"meta","A","Atlantic"
"Braz-2012-120947","Zerbini","Alex Zerbini","alex.zerbini@noaa.gov","Brazil_03_18_Ryan_20191121.csv","Braz-2012-120947","PTT",2012,10,25,"11:47:00","UTC",NA,-17.98049449,-39.13273961,NA,NA,NA,NA,NA,NA,NA,NA,"meta","A",NA
"Braz-2012-121189","Zerbini","Alex Zerbini","alex.zerbini@noaa.gov","Brazil_03_18_Ryan_20191121.csv","Braz-2012-121189","PTT",2012,10,20,"16:43:00","UTC",NA,-18.09574951,-39.04353714,NA,NA,NA,NA,NA,NA,NA,NA,"meta","A","Atlantic"
"Braz-2012-121192","Zerbini","Alex Zerbini","alex.zerbini@noaa.gov","Brazil_03_18_Ryan_20191121.csv","Braz-2012-121192","PTT",2012,10,27,"13:22:00","UTC",NA,-18.08869471,-39.22301472,NA,NA,NA,NA,NA,NA,NA,NA,"meta","A","Atlantic"
"Braz-2012-121193","Zerbini","Alex Zerbini","alex.zerbini@noaa.gov","Brazil_03_18_Ryan_20191121.csv","Braz-2012-121193","PTT",2012,10,25,"12:34:00","UTC",NA,-17.96868531,-39.09080713,NA,NA,NA,NA,NA,NA,NA,NA,"meta","A","Atlantic"
"Braz-2012-121194","Zerbini","Alex Zerbini","alex.zerbini@noaa.gov","Brazil_03_18_Ryan_20191121.csv","Braz-2012-121194","PTT",2012,10,20,"14:23:00","UTC",NA,-18.0611595,-39.06675224,NA,NA,NA,NA,NA,NA,NA,NA,"meta","A",NA
"Braz-2012-121195","Zerbini","Alex Zerbini","alex.zerbini@noaa.gov","Brazil_03_18_Ryan_20191121.csv","Braz-2012-121195","PTT",2012,10,20,"12:50:00","UTC",NA,-18.05123549,-39.11352728,NA,NA,NA,NA,NA,NA,NA,NA,"meta","A","Atlantic"
"Braz-2012-121196","Zerbini","Alex Zerbini","alex.zerbini@noaa.gov","Brazil_03_18_Ryan_20191121.csv","Braz-2012-121196","PTT",2012,10,27,"13:51:00","UTC",NA,-18.06788723,-39.22166833,NA,NA,NA,NA,NA,NA,NA,NA,"meta","A",NA
"Braz-2012-84480","Zerbini","Alex Zerbini","alex.zerbini@noaa.gov","Brazil_03_18_Ryan_20191121.csv","Braz-2012-84480","PTT",2012,11,2,"13:03:00","UTC",NA,-18.030963,-39.026921,NA,NA,NA,NA,NA,NA,NA,NA,"meta","A","Atlantic"
"Braz-2012-87632","Zerbini","Alex Zerbini","alex.zerbini@noaa.gov","Brazil_03_18_Ryan_20191121.csv","Braz-2012-87632","PTT",2012,10,26,"13:52:00","UTC",NA,-18.10417726,-39.12736622,NA,NA,NA,NA,NA,NA,NA,NA,"meta","A","Atlantic"
"Braz-2012-87775","Zerbini","Alex Zerbini","alex.zerbini@noaa.gov","Brazil_03_18_Ryan_20191121.csv","Braz-2012-87775","PTT",2012,10,28,"13:33:00","UTC",NA,-18.00919421,-39.02143564,NA,NA,NA,NA,NA,NA,NA,NA,"meta","A","Atlantic"
"Braz-2016-111868","Zerbini",NA,NA,NA,"Braz-2016-111868","PTT",NA,NA,NA,NA,NA,NA,NA,NA,NA,NA,NA,NA,NA,NA,NA,NA,"track","A","Atlantic"
"Braz-2016-120938","Zerbini",NA,NA,NA,"Braz-2016-120938","PTT",NA,NA,NA,NA,NA,NA,NA,NA,NA,NA,NA,NA,NA,NA,NA,NA,"track","A","Atlantic"
"Braz-2016-87776","Zerbini",NA,NA,NA,"Braz-2016-87776","PTT",NA,NA,NA,NA,NA,NA,NA,NA,NA,NA,NA,NA,NA,NA,NA,NA,"track","A",NA
"Braz-2017-111869","Zerbini",NA,NA,NA,"Braz-2017-111869","PTT",NA,NA,NA,NA,NA,NA,NA,NA,NA,NA,NA,NA,NA,NA,NA,NA,"track","A","Atlantic"
"Braz-2017-111870","Zerbini",NA,NA,NA,"Braz-2017-111870","PTT",NA,NA,NA,NA,NA,NA,NA,NA,NA,NA,NA,NA,NA,NA,NA,NA,"track","A","Atlantic"
"Braz-2017-112696","Zerbini",NA,NA,NA,"Braz-2017-112696","PTT",NA,NA,NA,NA,NA,NA,NA,NA,NA,NA,NA,NA,NA,NA,NA,NA,"track","A","Atlantic"
"Braz-2017-112728","Zerbini",NA,NA,NA,"Braz-2017-112728","PTT",NA,NA,NA,NA,NA,NA,NA,NA,NA,NA,NA,NA,NA,NA,NA,NA,"track","A","Atlantic"
"Braz-2017-120937","Zerbini",NA,NA,NA,"Braz-2017-120937","PTT",NA,NA,NA,NA,NA,NA,NA,NA,NA,NA,NA,NA,NA,NA,NA,NA,"track","A","Atlantic"
"Braz-2017-120942","Zerbini",NA,NA,NA,"Braz-2017-120942","PTT",NA,NA,NA,NA,NA,NA,NA,NA,NA,NA,NA,NA,NA,NA,NA,NA,"track","A","Atlantic"
"Braz-2017-120943","Zerbini",NA,NA,NA,"Braz-2017-120943","PTT",NA,NA,NA,NA,NA,NA,NA,NA,NA,NA,NA,NA,NA,NA,NA,NA,"track","A","Atlantic"
"Braz-2017-120947","Zerbini",NA,NA,NA,"Braz-2017-120947","PTT",NA,NA,NA,NA,NA,NA,NA,NA,NA,NA,NA,NA,NA,NA,NA,NA,"track","A","Atlantic"
"Braz-2017-121191","Zerbini",NA,NA,NA,"Braz-2017-121191","PTT",NA,NA,NA,NA,NA,NA,NA,NA,NA,NA,NA,NA,NA,NA,NA,NA,"track","A","Atlantic"
"Braz-2017-121203","Zerbini",NA,NA,NA,"Braz-2017-121203","PTT",NA,NA,NA,NA,NA,NA,NA,NA,NA,NA,NA,NA,NA,NA,NA,NA,"track","A","Atlantic"
"Braz-2017-121206","Zerbini",NA,NA,NA,"Braz-2017-121206","PTT",NA,NA,NA,NA,NA,NA,NA,NA,NA,NA,NA,NA,NA,NA,NA,NA,"track","A","Atlantic"
"Braz-2017-123226","Zerbini",NA,NA,NA,"Braz-2017-123226","PTT",NA,NA,NA,NA,NA,NA,NA,NA,NA,NA,NA,NA,NA,NA,NA,NA,"track","A","Atlantic"
"Braz-2017-171997","Zerbini",NA,NA,NA,"Braz-2017-171997","PTT",NA,NA,NA,NA,NA,NA,NA,NA,NA,NA,NA,NA,NA,NA,NA,NA,"track","A","Atlantic"
"Braz-2017-172000","Zerbini",NA,NA,NA,"Braz-2017-172000","PTT",NA,NA,NA,NA,NA,NA,NA,NA,NA,NA,NA,NA,NA,NA,NA,NA,"track","A","Atlantic"
"Braz-2017-172001","Zerbini",NA,NA,NA,"Braz-2017-172001","PTT",NA,NA,NA,NA,NA,NA,NA,NA,NA,NA,NA,NA,NA,NA,NA,NA,"track","A","Atlantic"
"Braz-2017-172002","Zerbini",NA,NA,NA,"Braz-2017-172002","PTT",NA,NA,NA,NA,NA,NA,NA,NA,NA,NA,NA,NA,NA,NA,NA,NA,"track","A","Atlantic"
"Braz-2017-172003","Zerbini",NA,NA,NA,"Braz-2017-172003","PTT",NA,NA,NA,NA,NA,NA,NA,NA,NA,NA,NA,NA,NA,NA,NA,NA,"track","A","Atlantic"
"Braz-2017-172004","Zerbini",NA,NA,NA,"Braz-2017-172004","PTT",NA,NA,NA,NA,NA,NA,NA,NA,NA,NA,NA,NA,NA,NA,NA,NA,"track","A","Atlantic"
"Braz-2017-84484","Zerbini",NA,NA,NA,"Braz-2017-84484","PTT",NA,NA,NA,NA,NA,NA,NA,NA,NA,NA,NA,NA,NA,NA,NA,NA,"track","A","Atlantic"
"Braz-2017-84485","Zerbini",NA,NA,NA,"Braz-2017-84485","PTT",NA,NA,NA,NA,NA,NA,NA,NA,NA,NA,NA,NA,NA,NA,NA,NA,"track","A","Atlantic"
"Braz-2017-87635","Zerbini",NA,NA,NA,"Braz-2017-87635","PTT",NA,NA,NA,NA,NA,NA,NA,NA,NA,NA,NA,NA,NA,NA,NA,NA,"track","A","Atlantic"
"Braz-2017-87776","Zerbini",NA,NA,NA,"Braz-2017-87776","PTT",NA,NA,NA,NA,NA,NA,NA,NA,NA,NA,NA,NA,NA,NA,NA,NA,"track","A","Atlantic"
"Braz-2017-87777","Zerbini",NA,NA,NA,"Braz-2017-87777","PTT",NA,NA,NA,NA,NA,NA,NA,NA,NA,NA,NA,NA,NA,NA,NA,NA,"track","A","Atlantic"
"Braz-2017-87780","Zerbini",NA,NA,NA,"Braz-2017-87780","PTT",NA,NA,NA,NA,NA,NA,NA,NA,NA,NA,NA,NA,NA,NA,NA,NA,"track","A","Atlantic"
"Braz-2018-111868","Zerbini",NA,NA,NA,"Braz-2018-111868","PTT",NA,NA,NA,NA,NA,NA,NA,NA,NA,NA,NA,NA,NA,NA,NA,NA,"track","A","Atlantic"
"Braz-2018-111870","Zerbini",NA,NA,NA,"Braz-2018-111870","PTT",NA,NA,NA,NA,NA,NA,NA,NA,NA,NA,NA,NA,NA,NA,NA,NA,"track","A","Atlantic"
"Braz-2018-112696","Zerbini",NA,NA,NA,"Braz-2018-112696","PTT",NA,NA,NA,NA,NA,NA,NA,NA,NA,NA,NA,NA,NA,NA,NA,NA,"track","A","Atlantic"
"Braz-2018-112719","Zerbini",NA,NA,NA,"Braz-2018-112719","PTT",NA,NA,NA,NA,NA,NA,NA,NA,NA,NA,NA,NA,NA,NA,NA,NA,"track","A","Atlantic"
"Braz-2018-120938","Zerbini",NA,NA,NA,"Braz-2018-120938","PTT",NA,NA,NA,NA,NA,NA,NA,NA,NA,NA,NA,NA,NA,NA,NA,NA,"track","A","Atlantic"
"Braz-2018-120942","Zerbini",NA,NA,NA,"Braz-2018-120942","PTT",NA,NA,NA,NA,NA,NA,NA,NA,NA,NA,NA,NA,NA,NA,NA,NA,"track","A","Atlantic"
"Braz-2018-121191","Zerbini",NA,NA,NA,"Braz-2018-121191","PTT",NA,NA,NA,NA,NA,NA,NA,NA,NA,NA,NA,NA,NA,NA,NA,NA,"track","A","Atlantic"
"Braz-2018-171994","Zerbini",NA,NA,NA,"Braz-2018-171994","PTT",NA,NA,NA,NA,NA,NA,NA,NA,NA,NA,NA,NA,NA,NA,NA,NA,"track","A","Atlantic"
"Braz-2018-171995","Zerbini",NA,NA,NA,"Braz-2018-171995","PTT",NA,NA,NA,NA,NA,NA,NA,NA,NA,NA,NA,NA,NA,NA,NA,NA,"track","A","Atlantic"
"Braz-2018-172008","Zerbini",NA,NA,NA,"Braz-2018-172008","PTT",NA,NA,NA,NA,NA,NA,NA,NA,NA,NA,NA,NA,NA,NA,NA,NA,"track","A","Atlantic"
"Braz-2018-84484","Zerbini",NA,NA,NA,"Braz-2018-84484","PTT",NA,NA,NA,NA,NA,NA,NA,NA,NA,NA,NA,NA,NA,NA,NA,NA,"track","A","Atlantic"
"Braz-2018-84485","Zerbini",NA,NA,NA,"Braz-2018-84485","PTT",NA,NA,NA,NA,NA,NA,NA,NA,NA,NA,NA,NA,NA,NA,NA,NA,"track","A","Atlantic"
"Braz-2018-87640","Zerbini",NA,NA,NA,"Braz-2018-87640","PTT",NA,NA,NA,NA,NA,NA,NA,NA,NA,NA,NA,NA,NA,NA,NA,NA,"track","A","Atlantic"
"Entangled whale","AMMC",NA,NA,NA,"Entangled whale","PTT",NA,NA,NA,NA,NA,NA,NA,NA,NA,NA,NA,NA,NA,NA,NA,NA,"track","Unknown",NA
"HNC1284","New-Caledonia-HW","Claire Garrigue","claire.garrigue@ird.fr",NA,"34215","PTT",2017,7,24,"03:40","GMT","Antigonia seamount, New Caledonia",-23.400283,168.08633,"FALSE","genetic","Adult","yes",NA,NA,"?",NA,"meta","E2","Pacific"
"HNC960","New-Caledonia-HW","Claire Garrigue","claire.garrigue@ird.fr",NA,"87761","PTT",2012,9,28,"23:25","GMT","Lifou, Loyalty islands, New caledonia",-20.915,167.005883,"FALSE","genetic","Adult","yes",NA,NA,"with calf",NA,"meta","E2","Pacific"
"Mn_WAVES14_Lander01","CWR_WAVES_2014","Curt Jenner","curt@cwr.org.au","WAVES2014_tagdata","95805","FASTLOC Accelerometer",2014,1,15,"8:09","GMT","East Antarctica, Area IV, Wilkes Land",-63.8171,117.3451,NA,NA,"Adult",NA,NA,NA,NA,"Whale Lander tag as used by R Andrews on short-finned pilot whales in HI for the remote-release proxy tests, but with short darts (5.0 cm total length, one row of petals with petals cut back to approximately 12 mm long), but rebatteried by WC in December","meta","Unknown",NA
"Mn_WAVES14_Sat1","CWR_WAVES_2014","Curt Jenner","curt@cwr.org.au","WAVES2014_tagdata","121221","LIMPET SPLASH",2014,1,8,"23:35","GMT","East Antarctica, Area V, Terre Adelie",-64.1994,137.2685,NA,NA,"Adult",NA,NA,NA,NA,"LIMPET SPLASH10-292B (AM-292B with 2-lay antenna) and Peridot Rev. 4  8cm darts; attached to urethane deployment cup with 70cm of Aqua-solve tape. Arranged in barrel with long axis perpendicular to long axis of whale and antenna high, line drawn between darts is parallel to long axis of body","meta","Unknown","WestPacific"
"Mn_WAVES14_Sat2","CWR_WAVES_2014","Curt Jenner","curt@cwr.org.au","WAVES2014_tagdata","121222","LIMPET SPLASH",2014,1,9,"0:15","GMT","East Antarctica, Area V, Terre Adelie",-64.201,137.2737,NA,NA,"Adult",NA,NA,NA,NA,"LIMPET SPLASH10-292B (AM-292B with 2-lay antenna) and Peridot Rev. 4  8cm darts; attached to urethane deployment cup with 70cm of Aqua-solve tape. Arranged in barrel with long axis perpendicular to long axis of whale and antenna high, line drawn between darts is parallel to long axis of body","meta","Unknown",NA
"Mn_WAVES14_Sat3","CWR_WAVES_2014","Curt Jenner","curt@cwr.org.au","WAVES2014_tagdata","121223","LIMPET SPLASH",2014,1,14,"7:46","GMT","East Antarctica, Area IV, Wilkes Land",-64.0215,119.5792,NA,NA,"Adult",NA,NA,NA,NA,"LIMPET SPLASH10-292B (AM-292B with 2-lay antenna) and Peridot Rev. 4  8cm darts; attached to urethane deployment cup with 70cm of Aqua-solve tape. Arranged in barrel with long axis perpendicular to long axis of whale and antenna high, line drawn between darts is parallel to long axis of body","meta","Unknown","EastIndian"
"Mn_WAVES14_Sat4","CWR_WAVES_2014","Curt Jenner","curt@cwr.org.au","WAVES2014_tagdata","121225","LIMPET SPLASH",2014,1,14,"9:06","GMT","East Antarctica, Area IV, Wilkes Land",-64.0153,119.5676,NA,NA,"Adult",NA,NA,NA,NA,"LIMPET SPLASH10-292B (AM-292B with 2-lay antenna) and Peridot Rev. 4  8cm darts; attached to urethane deployment cup with 70cm of Aqua-solve tape. Arranged in barrel with long axis perpendicular to long axis of whale and antenna high, line drawn between darts is parallel to long axis of body","meta","Unknown","EastIndian"
"Mn_WAVES14_Sat5","CWR_WAVES_2014","Curt Jenner","curt@cwr.org.au","WAVES2014_tagdata","121224","LIMPET SPLASH",2014,1,16,"1:58","GMT","East Antarctica, Area IV, Wilkes Land",-63.8732,117.4195,NA,NA,"Adult",NA,NA,NA,NA,"LIMPET SPLASH10-292B (AM-292B with 2-lay antenna) and Peridot Rev. 4  8cm darts; attached to urethane deployment cup with 70cm of Aqua-solve tape. Arranged in barrel with long axis perpendicular to long axis of whale and antenna high, line drawn between darts is parallel to long axis of body","meta","Unknown",NA
